cell_id,cell_type,cx,cy,auxin,corners
0,roottip,63.5,11.750000000000028,571.318,"[[71, 0.0], [54, 2.0], [58, 23.0], [71, 22.0]]"
1,roottip,78.5,11.750000000000028,571.318,"[[88, 2.0], [71, 0.0], [71, 22.0], [84, 23.0]]"
2,roottip,49.75,18.75000000000003,564.485,"[[54, 2.0], [40, 19.0], [47, 31.0], [58, 23.0]]"
3,roottip,92.25,18.75000000000003,564.485,"[[102, 19.0], [88, 2.0], [84, 23.0], [95, 31.0]]"
4,roottip,38.25,35.000000000000014,515.296,"[[47, 31.0], [40, 19.0], [30, 42.0], [36, 48.0]]"
5,roottip,103.75,35.000000000000014,515.296,"[[102, 19.0], [95, 31.0], [106, 48.0], [112, 42.0]]"
6,roottip,65.25,30.25,733.269,"[[71, 22.0], [58, 23.0], [61, 38.0], [71, 38.0]]"
7,roottip,76.75,30.25,733.269,"[[84, 23.0], [71, 22.0], [71, 38.0], [81, 38.0]]"
8,roottip,54.25,33.500000000000014,738.176,"[[58, 23.0], [47, 31.0], [51, 42.0], [61, 38.0]]"
9,roottip,87.75,33.500000000000014,738.176,"[[95, 31.0], [84, 23.0], [81, 38.0], [91, 42.0]]"
10,roottip,43.5,43.000000000000014,650.651,"[[51, 42.0], [47, 31.0], [36, 48.0], [40, 51.0]]"
11,roottip,98.5,43.000000000000014,650.651,"[[95, 31.0], [91, 42.0], [102, 51.0], [106, 48.0]]"
12,roottip,57.75,45.000000000000014,808.009,"[[61, 38.0], [51, 42.0], [55, 51.0], [64, 49.0]]"
13,roottip,66.75,43.5,883.419,"[[71, 38.0], [61, 38.0], [64, 49.0], [71, 49.0]]"
14,roottip,75.25,43.5,883.419,"[[81, 38.0], [71, 38.0], [71, 49.0], [78, 49.0]]"
15,roottip,84.25,45.000000000000014,808.009,"[[91, 42.0], [81, 38.0], [78, 49.0], [87, 51.0]]"
16,roottip,30.5,53.0,557.033,"[[36, 48.0], [30, 42.0], [25, 60.0], [31, 62.0]]"
17,roottip,47.25,49.500000000000014,731.284,"[[55, 51.0], [51, 42.0], [40, 51.0], [43, 54.0]]"
18,roottip,94.75,49.500000000000014,731.284,"[[91, 42.0], [87, 51.0], [99, 54.0], [102, 51.0]]"
19,roottip,111.5,53.0,557.033,"[[112, 42.0], [106, 48.0], [111, 62.0], [117, 60.0]]"
20,roottip,37.0,57.99999999999997,559.744,"[[45, 58.0], [36, 48.0], [31, 62.0], [36, 64.0]]"
21,roottip,60.25,52.49999999999997,1038.42,"[[64, 49.0], [55, 51.0], [57, 55.0], [65, 55.0]]"
22,roottip,67.75,51.99999999999997,1191.88,"[[71, 49.0], [64, 49.0], [65, 55.0], [71, 55.0]]"
23,roottip,74.25,51.99999999999997,1191.88,"[[78, 49.0], [71, 49.0], [71, 55.0], [77, 55.0]]"
24,roottip,81.75,52.49999999999997,1038.42,"[[87, 51.0], [78, 49.0], [77, 55.0], [85, 55.0]]"
25,roottip,105.0,57.99999999999997,559.744,"[[106, 48.0], [97, 58.0], [106, 64.0], [111, 62.0]]"
26,roottip,50.0,54.49999999999997,736.737,"[[55, 51.0], [43, 54.0], [45, 58.0], [57, 55.0]]"
27,roottip,92.0,54.49999999999997,736.737,"[[99, 54.0], [87, 51.0], [85, 55.0], [97, 58.0]]"
28,roottip,53.25,59.24999999999994,581.706,"[[57, 55.0], [45, 58.0], [51, 63.0], [60, 61.0]]"
29,roottip,62.0,57.99999999999994,937.475,"[[65, 55.0], [57, 55.0], [60, 61.0], [66, 61.0]]"
30,roottip,68.25,57.99999999999994,1149.5,"[[71, 55.0], [65, 55.0], [66, 61.0], [71, 61.0]]"
31,roottip,73.75,57.99999999999994,1149.5,"[[77, 55.0], [71, 55.0], [71, 61.0], [76, 61.0]]"
32,roottip,80.0,57.99999999999994,937.475,"[[85, 55.0], [77, 55.0], [76, 61.0], [82, 61.0]]"
33,roottip,88.75,59.24999999999994,581.706,"[[97, 58.0], [85, 55.0], [82, 61.0], [91, 63.0]]"
34,roottip,43.5,63.24999999999997,506.0,"[[51, 63.0], [45, 58.0], [36, 64.0], [42, 68.0]]"
35,roottip,98.5,63.24999999999997,506.0,"[[97, 58.0], [91, 63.0], [100, 68.0], [106, 64.0]]"
36,roottip,27.0,67.5,453.674,"[[36, 64.0], [25, 60.0], [21, 73.0], [26, 73.0]]"
37,roottip,115.0,67.5,453.674,"[[117, 60.0], [106, 64.0], [116, 73.0], [121, 73.0]]"
38,roottip,56.75,63.49999999999996,725.841,"[[60, 61.0], [51, 63.0], [55, 66.0], [61, 64.0]]"
39,roottip,64.25,64.5,845.288,"[[66, 61.0], [60, 61.0], [64, 68.0], [67, 68.0]]"
40,roottip,68.75,64.5,985.673,"[[71, 61.0], [66, 61.0], [67, 68.0], [71, 68.0]]"
41,roottip,73.25,64.5,985.673,"[[76, 61.0], [71, 61.0], [71, 68.0], [75, 68.0]]"
42,roottip,77.75,64.5,845.288,"[[82, 61.0], [76, 61.0], [75, 68.0], [78, 68.0]]"
43,roottip,85.25,63.49999999999996,725.841,"[[91, 63.0], [82, 61.0], [81, 64.0], [87, 66.0]]"
44,roottip,49.0,67.00000000000001,487.359,"[[55, 66.0], [51, 63.0], [42, 68.0], [48, 71.0]]"
45,roottip,93.0,67.00000000000001,487.359,"[[91, 63.0], [87, 66.0], [94, 71.0], [100, 68.0]]"
46,roottip,59.25,66.75,707.616,"[[61, 64.0], [55, 66.0], [57, 69.0], [64, 68.0]]"
47,roottip,82.75,66.75,707.616,"[[87, 66.0], [81, 64.0], [78, 68.0], [85, 69.0]]"
48,roottip,35.0,69.50000000000003,399.788,"[[42, 68.0], [36, 64.0], [26, 73.0], [36, 73.0]]"
49,roottip,107.0,69.50000000000003,399.788,"[[106, 64.0], [100, 68.0], [106, 73.0], [116, 73.0]]"
50,roottip,53.25,70.25000000000003,499.264,"[[57, 69.0], [55, 66.0], [47, 73.0], [54, 73.0]]"
51,roottip,88.75,70.25000000000003,499.264,"[[87, 66.0], [85, 69.0], [88, 73.0], [95, 73.0]]"
52,roottip,43.25,71.25000000000006,470.364,"[[48, 71.0], [42, 68.0], [36, 73.0], [47, 73.0]]"
53,roottip,58.5,70.75000000000004,560.897,"[[64, 68.0], [57, 69.0], [54, 73.0], [59, 73.0]]"
54,roottip,64.25,70.50000000000006,651.861,"[[67, 68.0], [64, 68.0], [59, 73.0], [67, 73.0]]"
55,roottip,69.0,70.50000000000006,1144.42,"[[71, 68.0], [67, 68.0], [67, 73.0], [71, 73.0]]"
56,roottip,73.0,70.50000000000006,1144.42,"[[75, 68.0], [71, 68.0], [71, 73.0], [75, 73.0]]"
57,roottip,77.75,70.50000000000006,651.861,"[[78, 68.0], [75, 68.0], [75, 73.0], [83, 73.0]]"
58,roottip,83.5,70.75000000000004,560.897,"[[85, 69.0], [78, 68.0], [83, 73.0], [88, 73.0]]"
59,roottip,98.75,71.25000000000006,470.364,"[[100, 68.0], [94, 71.0], [95, 73.0], [106, 73.0]]"
60,roottip,23.5,78.00000000000009,490.388,"[[26, 73.0], [21, 73.0], [21, 83.0], [26, 83.0]]"
75,roottip,118.5,78.00000000000009,490.388,"[[121, 73.0], [116, 73.0], [116, 83.0], [121, 83.0]]"
90,roottip,23.5,88.00000000000014,420.833,"[[26, 83.0], [21, 83.0], [21, 93.0], [26, 93.0]]"
105,roottip,118.5,88.00000000000014,420.833,"[[121, 83.0], [116, 83.0], [116, 93.0], [121, 93.0]]"
120,roottip,23.5,95.50000000000017,578.031,"[[26, 93.0], [21, 93.0], [21, 98.0], [26, 98.0]]"
135,roottip,118.5,95.50000000000017,578.031,"[[121, 93.0], [116, 93.0], [116, 98.0], [121, 98.0]]"
136,roottip,23.5,103.00000000000014,365.388,"[[26, 98.0], [21, 98.0], [21, 108.0], [26, 108.0]]"
151,roottip,118.5,103.00000000000014,365.388,"[[121, 98.0], [116, 98.0], [116, 108.0], [121, 108.0]]"
166,roottip,23.5,115.50000000000009,248.298,"[[26, 108.0], [21, 108.0], [21, 123.0], [26, 123.0]]"
181,roottip,118.5,115.50000000000009,248.298,"[[121, 108.0], [116, 108.0], [116, 123.0], [121, 123.0]]"
210,roottip,23.5,138.00000000000003,111.708,"[[26, 123.0], [21, 123.0], [21, 153.0], [26, 153.0]]"
225,roottip,118.5,138.00000000000003,111.708,"[[121, 123.0], [116, 123.0], [116, 153.0], [121, 153.0]]"
296,roottip,23.5,213.00000000000006,12.1175,"[[26, 153.0], [21, 153.0], [21, 273.0], [26, 273.0]]"
311,roottip,118.5,213.00000000000006,12.1175,"[[121, 153.0], [116, 153.0], [116, 273.0], [121, 273.0]]"
410,epidermis,31.0,394.4344557980544,150.269,"[[36, 387.87], [26, 387.87], [26, 400.99], [36, 400.99]]"
411,cortex,41.5,394.4344557980544,98.1515,"[[47, 387.87], [36, 387.87], [36, 400.99], [47, 400.99]]"
412,endo,50.5,394.4344557980544,89.0781,"[[54, 387.87], [47, 387.87], [47, 400.99], [54, 400.99]]"
413,peri,56.5,394.4344557980544,84.9666,"[[59, 387.87], [54, 387.87], [54, 400.99], [59, 400.99]]"
414,vasc,61.0,394.4344557980544,81.5899,"[[63, 387.87], [59, 387.87], [59, 400.99], [63, 400.99]]"
415,vasc,65.0,394.4344557980544,74.5661,"[[67, 387.87], [63, 387.87], [63, 400.99], [67, 400.99]]"
416,vasc,69.0,394.4344557980544,71.4872,"[[71, 387.87], [67, 387.87], [67, 400.99], [71, 400.99]]"
417,vasc,73.0,394.4344557980544,71.4872,"[[75, 387.87], [71, 387.87], [71, 400.99], [75, 400.99]]"
418,vasc,77.0,394.4344557980544,74.5661,"[[79, 387.87], [75, 387.87], [75, 400.99], [79, 400.99]]"
419,vasc,81.0,394.4344557980544,81.5899,"[[83, 387.87], [79, 387.87], [79, 400.99], [83, 400.99]]"
420,peri,85.5,394.4344557980544,84.9666,"[[88, 387.87], [83, 387.87], [83, 400.99], [88, 400.99]]"
421,endo,91.5,394.4344557980544,89.0781,"[[95, 387.87], [88, 387.87], [88, 400.99], [95, 400.99]]"
422,cortex,100.5,394.4344557980544,98.1515,"[[106, 387.87], [95, 387.87], [95, 400.99], [106, 400.99]]"
423,epidermis,111.0,394.4344557980544,150.269,"[[116, 387.87], [106, 387.87], [106, 400.99], [116, 400.99]]"
424,epidermis,31.0,407.5542295040974,161.212,"[[36, 400.99], [26, 400.99], [26, 414.11], [36, 414.11]]"
425,cortex,41.5,407.5542295040974,111.115,"[[47, 400.99], [36, 400.99], [36, 414.11], [47, 414.11]]"
426,endo,50.5,407.5542295040974,106.128,"[[54, 400.99], [47, 400.99], [47, 414.11], [54, 414.11]]"
427,peri,56.5,407.5542295040974,103.528,"[[59, 400.99], [54, 400.99], [54, 414.11], [59, 414.11]]"
428,vasc,61.0,407.5542295040974,100.361,"[[63, 400.99], [59, 400.99], [59, 414.11], [63, 414.11]]"
429,vasc,65.0,407.5542295040974,93.0854,"[[67, 400.99], [63, 400.99], [63, 414.11], [67, 414.11]]"
430,vasc,69.0,407.5542295040974,89.7957,"[[71, 400.99], [67, 400.99], [67, 414.11], [71, 414.11]]"
431,vasc,73.0,407.5542295040974,89.7957,"[[75, 400.99], [71, 400.99], [71, 414.11], [75, 414.11]]"
432,vasc,77.0,407.5542295040974,93.0854,"[[79, 400.99], [75, 400.99], [75, 414.11], [79, 414.11]]"
433,vasc,81.0,407.5542295040974,100.361,"[[83, 400.99], [79, 400.99], [79, 414.11], [83, 414.11]]"
434,peri,85.5,407.5542295040974,103.528,"[[88, 400.99], [83, 400.99], [83, 414.11], [88, 414.11]]"
435,endo,91.5,407.5542295040974,106.128,"[[95, 400.99], [88, 400.99], [88, 414.11], [95, 414.11]]"
436,cortex,100.5,407.5542295040974,111.115,"[[106, 400.99], [95, 400.99], [95, 414.11], [106, 414.11]]"
437,epidermis,111.0,407.5542295040974,161.212,"[[116, 400.99], [106, 400.99], [106, 414.11], [116, 414.11]]"
438,epidermis,31.0,420.57708811935004,164.219,"[[36, 414.11], [26, 414.11], [26, 427.04], [36, 427.04]]"
439,cortex,41.5,420.57708811935004,115.94,"[[47, 414.11], [36, 414.11], [36, 427.04], [47, 427.04]]"
440,endo,50.5,420.57708811935004,112.163,"[[54, 414.11], [47, 414.11], [47, 427.04], [54, 427.04]]"
441,peri,56.5,420.57708811935004,109.753,"[[59, 414.11], [54, 414.11], [54, 427.04], [59, 427.04]]"
442,vasc,61.0,420.57708811935004,106.302,"[[63, 414.11], [59, 414.11], [59, 427.04], [63, 427.04]]"
443,vasc,65.0,420.57708811935004,98.585,"[[67, 414.11], [63, 414.11], [63, 427.04], [67, 427.04]]"
444,vasc,69.0,420.57708811935004,95.0199,"[[71, 414.11], [67, 414.11], [67, 427.04], [71, 427.04]]"
445,vasc,73.0,420.57708811935004,95.0199,"[[75, 414.11], [71, 414.11], [71, 427.04], [75, 427.04]]"
446,vasc,77.0,420.57708811935004,98.585,"[[79, 414.11], [75, 414.11], [75, 427.04], [79, 427.04]]"
447,vasc,81.0,420.57708811935004,106.302,"[[83, 414.11], [79, 414.11], [79, 427.04], [83, 427.04]]"
448,peri,85.5,420.57708811935004,109.753,"[[88, 414.11], [83, 414.11], [83, 427.04], [88, 427.04]]"
449,endo,91.5,420.57708811935004,112.163,"[[95, 414.11], [88, 414.11], [88, 427.04], [95, 427.04]]"
450,cortex,100.5,420.57708811935004,115.94,"[[106, 414.11], [95, 414.11], [95, 427.04], [106, 427.04]]"
451,epidermis,111.0,420.57708811935004,164.219,"[[116, 414.11], [106, 414.11], [106, 427.04], [116, 427.04]]"
452,epidermis,31.0,433.2669619134525,164.262,"[[36, 427.04], [26, 427.04], [26, 439.49], [36, 439.49]]"
453,cortex,41.5,433.2669619134525,117.746,"[[47, 427.04], [36, 427.04], [36, 439.49], [47, 439.49]]"
454,endo,50.5,433.2669619134525,114.815,"[[54, 427.04], [47, 427.04], [47, 439.49], [54, 439.49]]"
455,peri,56.5,433.2669619134525,112.416,"[[59, 427.04], [54, 427.04], [54, 439.49], [59, 439.49]]"
456,vasc,61.0,433.2669619134525,108.713,"[[63, 427.04], [59, 427.04], [59, 439.49], [63, 439.49]]"
457,vasc,65.0,433.2669619134525,100.644,"[[67, 427.04], [63, 427.04], [63, 439.49], [67, 439.49]]"
458,vasc,69.0,433.2669619134525,96.8928,"[[71, 427.04], [67, 427.04], [67, 439.49], [71, 439.49]]"
459,vasc,73.0,433.2669619134525,96.8928,"[[75, 427.04], [71, 427.04], [71, 439.49], [75, 439.49]]"
460,vasc,77.0,433.2669619134525,100.644,"[[79, 427.04], [75, 427.04], [75, 439.49], [79, 439.49]]"
461,vasc,81.0,433.2669619134525,108.713,"[[83, 427.04], [79, 427.04], [79, 439.49], [83, 439.49]]"
462,peri,85.5,433.2669619134525,112.416,"[[88, 427.04], [83, 427.04], [83, 439.49], [88, 439.49]]"
463,endo,91.5,433.2669619134525,114.815,"[[95, 427.04], [88, 427.04], [88, 439.49], [95, 439.49]]"
464,cortex,100.5,433.2669619134525,117.746,"[[106, 427.04], [95, 427.04], [95, 439.49], [106, 439.49]]"
465,epidermis,111.0,433.2669619134525,164.262,"[[116, 427.04], [106, 427.04], [106, 439.49], [116, 439.49]]"
466,epidermis,31.0,445.5156847824473,163.783,"[[36, 439.49], [26, 439.49], [26, 451.54], [36, 451.54]]"
467,cortex,41.5,445.5156847824473,118.04,"[[47, 439.49], [36, 439.49], [36, 451.54], [47, 451.54]]"
468,endo,50.5,445.5156847824473,115.851,"[[54, 439.49], [47, 439.49], [47, 451.54], [54, 451.54]]"
469,peri,56.5,445.5156847824473,113.583,"[[59, 439.49], [54, 439.49], [54, 451.54], [59, 451.54]]"
470,vasc,61.0,445.5156847824473,109.773,"[[63, 439.49], [59, 439.49], [59, 451.54], [63, 451.54]]"
471,vasc,65.0,445.5156847824473,101.462,"[[67, 439.49], [63, 439.49], [63, 451.54], [67, 451.54]]"
472,vasc,69.0,445.5156847824473,97.5843,"[[71, 439.49], [67, 439.49], [67, 451.54], [71, 451.54]]"
473,vasc,73.0,445.5156847824473,97.5843,"[[75, 439.49], [71, 439.49], [71, 451.54], [75, 451.54]]"
474,vasc,77.0,445.5156847824473,101.462,"[[79, 439.49], [75, 439.49], [75, 451.54], [79, 451.54]]"
475,vasc,81.0,445.5156847824473,109.773,"[[83, 439.49], [79, 439.49], [79, 451.54], [83, 451.54]]"
476,peri,85.5,445.5156847824473,113.583,"[[88, 439.49], [83, 439.49], [83, 451.54], [88, 451.54]]"
477,endo,91.5,445.5156847824473,115.851,"[[95, 439.49], [88, 439.49], [88, 451.54], [95, 451.54]]"
478,cortex,100.5,445.5156847824473,118.04,"[[106, 439.49], [95, 439.49], [95, 451.54], [106, 451.54]]"
479,epidermis,111.0,445.5156847824473,163.783,"[[116, 439.49], [106, 439.49], [106, 451.54], [116, 451.54]]"
480,epidermis,31.0,457.38270930953126,162.872,"[[36, 451.54], [26, 451.54], [26, 463.23], [36, 463.23]]"
481,cortex,41.5,457.38270930953126,117.654,"[[47, 451.54], [36, 451.54], [36, 463.23], [47, 463.23]]"
482,endo,50.5,457.38270930953126,116.054,"[[54, 451.54], [47, 451.54], [47, 463.23], [54, 463.23]]"
483,peri,56.5,457.38270930953126,113.972,"[[59, 451.54], [54, 451.54], [54, 463.23], [59, 463.23]]"
484,vasc,61.0,457.38270930953126,110.139,"[[63, 451.54], [59, 451.54], [59, 463.23], [63, 463.23]]"
485,vasc,65.0,457.38270930953126,101.661,"[[67, 451.54], [63, 451.54], [63, 463.23], [67, 463.23]]"
486,vasc,69.0,457.38270930953126,97.7021,"[[71, 451.54], [67, 451.54], [67, 463.23], [71, 463.23]]"
487,vasc,73.0,457.38270930953126,97.7021,"[[75, 451.54], [71, 451.54], [71, 463.23], [75, 463.23]]"
488,vasc,77.0,457.38270930953126,101.661,"[[79, 451.54], [75, 451.54], [75, 463.23], [79, 463.23]]"
489,vasc,81.0,457.38270930953126,110.139,"[[83, 451.54], [79, 451.54], [79, 463.23], [83, 463.23]]"
490,peri,85.5,457.38270930953126,113.972,"[[88, 451.54], [83, 451.54], [83, 463.23], [88, 463.23]]"
491,endo,91.5,457.38270930953126,116.054,"[[95, 451.54], [88, 451.54], [88, 463.23], [95, 463.23]]"
492,cortex,100.5,457.38270930953126,117.654,"[[106, 451.54], [95, 451.54], [95, 463.23], [106, 463.23]]"
493,epidermis,111.0,457.38270930953126,162.872,"[[116, 451.54], [106, 451.54], [106, 463.23], [116, 463.23]]"
494,epidermis,31.0,468.8806066178071,160.235,"[[36, 463.23], [26, 463.23], [26, 474.53], [36, 474.53]]"
495,cortex,41.5,468.8806066178071,117.133,"[[47, 463.23], [36, 463.23], [36, 474.53], [47, 474.53]]"
496,endo,50.5,468.8806066178071,116.224,"[[54, 463.23], [47, 463.23], [47, 474.53], [54, 474.53]]"
497,peri,56.5,468.8806066178071,114.321,"[[59, 463.23], [54, 463.23], [54, 474.53], [59, 474.53]]"
498,vasc,61.0,468.8806066178071,110.501,"[[63, 463.23], [59, 463.23], [59, 474.53], [63, 474.53]]"
499,vasc,65.0,468.8806066178071,101.868,"[[67, 463.23], [63, 463.23], [63, 474.53], [67, 474.53]]"
500,vasc,69.0,468.8806066178071,97.8242,"[[71, 463.23], [67, 463.23], [67, 474.53], [71, 474.53]]"
501,vasc,73.0,468.8806066178071,97.8242,"[[75, 463.23], [71, 463.23], [71, 474.53], [75, 474.53]]"
502,vasc,77.0,468.8806066178071,101.868,"[[79, 463.23], [75, 463.23], [75, 474.53], [79, 474.53]]"
503,vasc,81.0,468.8806066178071,110.501,"[[83, 463.23], [79, 463.23], [79, 474.53], [83, 474.53]]"
504,peri,85.5,468.8806066178071,114.321,"[[88, 463.23], [83, 463.23], [83, 474.53], [88, 474.53]]"
505,endo,91.5,468.8806066178071,116.224,"[[95, 463.23], [88, 463.23], [88, 474.53], [95, 474.53]]"
506,cortex,100.5,468.8806066178071,117.133,"[[106, 463.23], [95, 463.23], [95, 474.53], [106, 474.53]]"
507,epidermis,111.0,468.8806066178071,160.235,"[[116, 463.23], [106, 463.23], [106, 474.53], [116, 474.53]]"
508,epidermis,31.0,480.0202030334125,157.853,"[[36, 474.53], [26, 474.53], [26, 485.51], [36, 485.51]]"
509,cortex,41.5,480.0202030334125,116.103,"[[47, 474.53], [36, 474.53], [36, 485.51], [47, 485.51]]"
510,endo,50.5,480.0202030334125,115.782,"[[54, 474.53], [47, 474.53], [47, 485.51], [54, 485.51]]"
511,peri,56.5,480.0202030334125,113.994,"[[59, 474.53], [54, 474.53], [54, 485.51], [59, 485.51]]"
512,vasc,61.0,480.0202030334125,110.161,"[[63, 474.53], [59, 474.53], [59, 485.51], [63, 485.51]]"
513,vasc,65.0,480.0202030334125,101.413,"[[67, 474.53], [63, 474.53], [63, 485.51], [67, 485.51]]"
514,vasc,69.0,480.0202030334125,97.3181,"[[71, 474.53], [67, 474.53], [67, 485.51], [71, 485.51]]"
515,vasc,73.0,480.0202030334125,97.3181,"[[75, 474.53], [71, 474.53], [71, 485.51], [75, 485.51]]"
516,vasc,77.0,480.0202030334125,101.413,"[[79, 474.53], [75, 474.53], [75, 485.51], [79, 485.51]]"
517,vasc,81.0,480.0202030334125,110.161,"[[83, 474.53], [79, 474.53], [79, 485.51], [83, 485.51]]"
518,peri,85.5,480.0202030334125,113.994,"[[88, 474.53], [83, 474.53], [83, 485.51], [88, 485.51]]"
519,endo,91.5,480.0202030334125,115.782,"[[95, 474.53], [88, 474.53], [88, 485.51], [95, 485.51]]"
520,cortex,100.5,480.0202030334125,116.103,"[[106, 474.53], [95, 474.53], [95, 485.51], [106, 485.51]]"
521,epidermis,111.0,480.0202030334125,157.853,"[[116, 474.53], [106, 474.53], [106, 485.51], [116, 485.51]]"
522,epidermis,31.0,490.83308037306256,156.525,"[[36, 485.51], [26, 485.51], [26, 496.16], [36, 496.16]]"
523,cortex,41.5,490.83308037306256,115.109,"[[47, 485.51], [36, 485.51], [36, 496.16], [47, 496.16]]"
524,endo,50.5,490.83308037306256,114.854,"[[54, 485.51], [47, 485.51], [47, 496.16], [54, 496.16]]"
525,peri,56.5,490.83308037306256,112.91,"[[59, 485.51], [54, 485.51], [54, 496.16], [59, 496.16]]"
526,vasc,61.0,490.83308037306256,108.982,"[[63, 485.51], [59, 485.51], [59, 496.16], [63, 496.16]]"
527,vasc,65.0,490.83308037306256,100.11,"[[67, 485.51], [63, 485.51], [63, 496.16], [67, 496.16]]"
528,vasc,69.0,490.83308037306256,95.9921,"[[71, 485.51], [67, 485.51], [67, 496.16], [71, 496.16]]"
529,vasc,73.0,490.83308037306256,95.9921,"[[75, 485.51], [71, 485.51], [71, 496.16], [75, 496.16]]"
530,vasc,77.0,490.83308037306256,100.11,"[[79, 485.51], [75, 485.51], [75, 496.16], [79, 496.16]]"
531,vasc,81.0,490.83308037306256,108.982,"[[83, 485.51], [79, 485.51], [79, 496.16], [83, 496.16]]"
532,peri,85.5,490.83308037306256,112.91,"[[88, 485.51], [83, 485.51], [83, 496.16], [88, 496.16]]"
533,endo,91.5,490.83308037306256,114.854,"[[95, 485.51], [88, 485.51], [88, 496.16], [95, 496.16]]"
534,cortex,100.5,490.83308037306256,115.109,"[[106, 485.51], [95, 485.51], [95, 496.16], [106, 496.16]]"
535,epidermis,111.0,490.83308037306256,156.525,"[[116, 485.51], [106, 485.51], [106, 496.16], [116, 496.16]]"
536,epidermis,31.0,501.34809383931315,155.759,"[[36, 496.16], [26, 496.16], [26, 506.54], [36, 506.54]]"
537,cortex,41.5,501.34809383931315,113.585,"[[47, 496.16], [36, 496.16], [36, 506.54], [47, 506.54]]"
538,endo,50.5,501.34809383931315,112.304,"[[54, 496.16], [47, 496.16], [47, 506.54], [54, 506.54]]"
539,peri,56.5,501.34809383931315,109.601,"[[59, 496.16], [54, 496.16], [54, 506.54], [59, 506.54]]"
540,vasc,61.0,501.34809383931315,105.306,"[[63, 496.16], [59, 496.16], [59, 506.54], [63, 506.54]]"
541,vasc,65.0,501.34809383931315,96.0749,"[[67, 496.16], [63, 496.16], [63, 506.54], [67, 506.54]]"
542,vasc,69.0,501.34809383931315,91.91,"[[71, 496.16], [67, 496.16], [67, 506.54], [71, 506.54]]"
543,vasc,73.0,501.34809383931315,91.91,"[[75, 496.16], [71, 496.16], [71, 506.54], [75, 506.54]]"
544,vasc,77.0,501.34809383931315,96.0749,"[[79, 496.16], [75, 496.16], [75, 506.54], [79, 506.54]]"
545,vasc,81.0,501.34809383931315,105.306,"[[83, 496.16], [79, 496.16], [79, 506.54], [83, 506.54]]"
546,peri,85.5,501.34809383931315,109.601,"[[88, 496.16], [83, 496.16], [83, 506.54], [88, 506.54]]"
547,endo,91.5,501.34809383931315,112.304,"[[95, 496.16], [88, 496.16], [88, 506.54], [95, 506.54]]"
548,cortex,100.5,501.34809383931315,113.585,"[[106, 496.16], [95, 496.16], [95, 506.54], [106, 506.54]]"
549,epidermis,111.0,501.34809383931315,155.759,"[[116, 496.16], [106, 496.16], [106, 506.54], [116, 506.54]]"
550,epidermis,31.0,511.5739796382035,156.428,"[[36, 506.54], [26, 506.54], [26, 516.61], [36, 516.61]]"
551,cortex,41.5,511.5739796382035,111.632,"[[47, 506.54], [36, 506.54], [36, 516.61], [47, 516.61]]"
552,endo,50.5,511.5739796382035,107.812,"[[54, 506.54], [47, 506.54], [47, 516.61], [54, 516.61]]"
553,peri,56.5,511.5739796382035,103.783,"[[59, 506.54], [54, 506.54], [54, 516.61], [59, 516.61]]"
554,vasc,61.0,511.5739796382035,98.8909,"[[63, 506.54], [59, 506.54], [59, 516.61], [63, 516.61]]"
555,vasc,65.0,511.5739796382035,88.6538,"[[67, 506.54], [63, 506.54], [63, 516.61], [67, 516.61]]"
556,vasc,69.0,511.5739796382035,84.3955,"[[71, 506.54], [67, 506.54], [67, 516.61], [71, 516.61]]"
557,vasc,73.0,511.5739796382035,84.3955,"[[75, 506.54], [71, 506.54], [71, 516.61], [75, 516.61]]"
558,vasc,77.0,511.5739796382035,88.6538,"[[79, 506.54], [75, 506.54], [75, 516.61], [79, 516.61]]"
559,vasc,81.0,511.5739796382035,98.8909,"[[83, 506.54], [79, 506.54], [79, 516.61], [83, 516.61]]"
560,peri,85.5,511.5739796382035,103.783,"[[88, 506.54], [83, 506.54], [83, 516.61], [88, 516.61]]"
561,endo,91.5,511.5739796382035,107.812,"[[95, 506.54], [88, 506.54], [88, 516.61], [95, 516.61]]"
562,cortex,100.5,511.5739796382035,111.632,"[[106, 506.54], [95, 506.54], [95, 516.61], [106, 516.61]]"
563,epidermis,111.0,511.5739796382035,156.428,"[[116, 506.54], [106, 506.54], [106, 516.61], [116, 516.61]]"
564,epidermis,31.0,521.5181715033405,159.909,"[[36, 516.61], [26, 516.61], [26, 526.43], [36, 526.43]]"
565,cortex,41.5,521.5181715033405,113.339,"[[47, 516.61], [36, 516.61], [36, 526.43], [47, 526.43]]"
566,endo,50.5,521.5181715033405,109.115,"[[54, 516.61], [47, 516.61], [47, 526.43], [54, 526.43]]"
567,peri,56.5,521.5181715033405,104.338,"[[59, 516.61], [54, 516.61], [54, 526.43], [59, 526.43]]"
568,vasc,61.0,521.5181715033405,98.9121,"[[63, 516.61], [59, 516.61], [59, 526.43], [63, 526.43]]"
569,vasc,65.0,521.5181715033405,88.6812,"[[67, 516.61], [63, 516.61], [63, 526.43], [67, 526.43]]"
570,vasc,69.0,521.5181715033405,84.4503,"[[71, 516.61], [67, 516.61], [67, 526.43], [71, 526.43]]"
571,vasc,73.0,521.5181715033405,84.4503,"[[75, 516.61], [71, 516.61], [71, 526.43], [75, 526.43]]"
572,vasc,77.0,521.5181715033405,88.6812,"[[79, 516.61], [75, 516.61], [75, 526.43], [79, 526.43]]"
573,vasc,81.0,521.5181715033405,98.9121,"[[83, 516.61], [79, 516.61], [79, 526.43], [83, 526.43]]"
574,peri,85.5,521.5181715033405,104.338,"[[88, 516.61], [83, 516.61], [83, 526.43], [88, 526.43]]"
575,endo,91.5,521.5181715033405,109.115,"[[95, 516.61], [88, 516.61], [88, 526.43], [95, 526.43]]"
576,cortex,100.5,521.5181715033405,113.339,"[[106, 516.61], [95, 516.61], [95, 526.43], [106, 526.43]]"
577,epidermis,111.0,521.5181715033405,159.909,"[[116, 516.61], [106, 516.61], [106, 526.43], [116, 526.43]]"
578,epidermis,31.0,531.2066892092413,166.39,"[[36, 526.43], [26, 526.43], [26, 535.99], [36, 535.99]]"
579,cortex,41.5,531.2066892092413,117.24,"[[47, 526.43], [36, 526.43], [36, 535.99], [47, 535.99]]"
580,endo,50.5,531.2066892092413,112.259,"[[54, 526.43], [47, 526.43], [47, 535.99], [54, 535.99]]"
581,peri,56.5,531.2066892092413,106.646,"[[59, 526.43], [54, 526.43], [54, 535.99], [59, 535.99]]"
582,vasc,61.0,531.2066892092413,100.483,"[[63, 526.43], [59, 526.43], [59, 535.99], [63, 535.99]]"
583,vasc,65.0,531.2066892092413,89.6379,"[[67, 526.43], [63, 526.43], [63, 535.99], [67, 535.99]]"
584,vasc,69.0,531.2066892092413,85.122,"[[71, 526.43], [67, 526.43], [67, 535.99], [71, 535.99]]"
585,vasc,73.0,531.2066892092413,85.122,"[[75, 526.43], [71, 526.43], [71, 535.99], [75, 535.99]]"
586,vasc,77.0,531.2066892092413,89.6379,"[[79, 526.43], [75, 526.43], [75, 535.99], [79, 535.99]]"
587,vasc,81.0,531.2066892092413,100.483,"[[83, 526.43], [79, 526.43], [79, 535.99], [83, 535.99]]"
588,peri,85.5,531.2066892092413,106.646,"[[88, 526.43], [83, 526.43], [83, 535.99], [88, 535.99]]"
589,endo,91.5,531.2066892092413,112.259,"[[95, 526.43], [88, 526.43], [88, 535.99], [95, 535.99]]"
590,cortex,100.5,531.2066892092413,117.24,"[[106, 526.43], [95, 526.43], [95, 535.99], [106, 535.99]]"
591,epidermis,111.0,531.2066892092413,166.39,"[[116, 526.43], [106, 526.43], [106, 535.99], [116, 535.99]]"
592,epidermis,31.0,540.6461063695876,175.512,"[[36, 535.99], [26, 535.99], [26, 545.3], [36, 545.3]]"
593,cortex,41.5,540.6461063695876,124.367,"[[47, 535.99], [36, 535.99], [36, 545.3], [47, 545.3]]"
594,endo,50.5,540.6461063695876,118.818,"[[54, 535.99], [47, 535.99], [47, 545.3], [54, 545.3]]"
595,peri,56.5,540.6461063695876,112.181,"[[59, 535.99], [54, 535.99], [54, 545.3], [59, 545.3]]"
596,vasc,61.0,540.6461063695876,104.891,"[[63, 535.99], [59, 535.99], [59, 545.3], [63, 545.3]]"
597,vasc,65.0,540.6461063695876,93.0276,"[[67, 535.99], [63, 535.99], [63, 545.3], [67, 545.3]]"
598,vasc,69.0,540.6461063695876,87.9792,"[[71, 535.99], [67, 535.99], [67, 545.3], [71, 545.3]]"
599,vasc,73.0,540.6461063695876,87.9792,"[[75, 535.99], [71, 535.99], [71, 545.3], [75, 545.3]]"
600,vasc,77.0,540.6461063695876,93.0276,"[[79, 535.99], [75, 535.99], [75, 545.3], [79, 545.3]]"
601,vasc,81.0,540.6461063695876,104.891,"[[83, 535.99], [79, 535.99], [79, 545.3], [83, 545.3]]"
602,peri,85.5,540.6461063695876,112.181,"[[88, 535.99], [83, 535.99], [83, 545.3], [88, 545.3]]"
603,endo,91.5,540.6461063695876,118.818,"[[95, 535.99], [88, 535.99], [88, 545.3], [95, 545.3]]"
604,cortex,100.5,540.6461063695876,124.367,"[[106, 535.99], [95, 535.99], [95, 545.3], [106, 545.3]]"
605,epidermis,111.0,540.6461063695876,175.512,"[[116, 535.99], [106, 535.99], [106, 545.3], [116, 545.3]]"
606,epidermis,31.0,549.8597468490976,188.168,"[[36, 545.3], [26, 545.3], [26, 554.42], [36, 554.42]]"
607,cortex,41.5,549.8597468490976,135.702,"[[47, 545.3], [36, 545.3], [36, 554.42], [47, 554.42]]"
608,endo,50.5,549.8597468490976,130.185,"[[54, 545.3], [47, 545.3], [47, 554.42], [54, 554.42]]"
609,peri,56.5,549.8597468490976,122.631,"[[59, 545.3], [54, 545.3], [54, 554.42], [59, 554.42]]"
610,vasc,61.0,549.8597468490976,114.154,"[[63, 545.3], [59, 545.3], [59, 554.42], [63, 554.42]]"
611,vasc,65.0,549.8597468490976,101.225,"[[67, 545.3], [63, 545.3], [63, 554.42], [67, 554.42]]"
612,vasc,69.0,549.8597468490976,95.5384,"[[71, 545.3], [67, 545.3], [67, 554.42], [71, 554.42]]"
613,vasc,73.0,549.8597468490976,95.5384,"[[75, 545.3], [71, 545.3], [71, 554.42], [75, 554.42]]"
614,vasc,77.0,549.8597468490976,101.225,"[[79, 545.3], [75, 545.3], [75, 554.42], [79, 554.42]]"
615,vasc,81.0,549.8597468490976,114.154,"[[83, 545.3], [79, 545.3], [79, 554.42], [83, 554.42]]"
616,peri,85.5,549.8597468490976,122.631,"[[88, 545.3], [83, 545.3], [83, 554.42], [88, 554.42]]"
617,endo,91.5,549.8597468490976,130.185,"[[95, 545.3], [88, 545.3], [88, 554.42], [95, 554.42]]"
618,cortex,100.5,549.8597468490976,135.702,"[[106, 545.3], [95, 545.3], [95, 554.42], [106, 554.42]]"
619,epidermis,111.0,549.8597468490976,188.168,"[[116, 545.3], [106, 545.3], [106, 554.42], [116, 554.42]]"
620,epidermis,31.0,558.8534155702662,207.666,"[[36, 554.42], [26, 554.42], [26, 563.29], [36, 563.29]]"
621,cortex,41.5,558.8534155702662,153.709,"[[47, 554.42], [36, 554.42], [36, 563.29], [47, 563.29]]"
622,endo,50.5,558.8534155702662,148.317,"[[54, 554.42], [47, 554.42], [47, 563.29], [54, 563.29]]"
623,peri,56.5,558.8534155702662,140.115,"[[59, 554.42], [54, 554.42], [54, 563.29], [59, 563.29]]"
624,vasc,61.0,558.8534155702662,131.154,"[[63, 554.42], [59, 554.42], [59, 563.29], [63, 563.29]]"
625,vasc,65.0,558.8534155702662,118.011,"[[67, 554.42], [63, 554.42], [63, 563.29], [67, 563.29]]"
626,vasc,69.0,558.8534155702662,112.193,"[[71, 554.42], [67, 554.42], [67, 563.29], [71, 563.29]]"
627,vasc,73.0,558.8534155702662,112.193,"[[75, 554.42], [71, 554.42], [71, 563.29], [75, 563.29]]"
628,vasc,77.0,558.8534155702662,118.011,"[[79, 554.42], [75, 554.42], [75, 563.29], [79, 563.29]]"
629,vasc,81.0,558.8534155702662,131.154,"[[83, 554.42], [79, 554.42], [79, 563.29], [83, 563.29]]"
630,peri,85.5,558.8534155702662,140.115,"[[88, 554.42], [83, 554.42], [83, 563.29], [88, 563.29]]"
631,endo,91.5,558.8534155702662,148.317,"[[95, 554.42], [88, 554.42], [88, 563.29], [95, 563.29]]"
632,cortex,100.5,558.8534155702662,153.709,"[[106, 554.42], [95, 554.42], [95, 563.29], [106, 563.29]]"
633,epidermis,111.0,558.8534155702662,207.666,"[[116, 554.42], [106, 554.42], [106, 563.29], [116, 563.29]]"
634,epidermis,31.0,574.3684058081036,143.834,"[[36, 563.29], [26, 563.29], [26, 585.45], [36, 585.45]]"
635,cortex,41.5,574.3684058081036,102.996,"[[47, 563.29], [36, 563.29], [36, 585.45], [47, 585.45]]"
636,endo,50.5,574.3684058081036,83.8639,"[[54, 563.29], [47, 563.29], [47, 585.45], [54, 585.45]]"
637,peri,56.5,574.3684058081036,68.3196,"[[59, 563.29], [54, 563.29], [54, 585.45], [59, 585.45]]"
638,vasc,61.0,574.3684058081036,57.971,"[[63, 563.29], [59, 563.29], [59, 585.45], [63, 585.45]]"
639,vasc,65.0,574.3684058081036,49.6773,"[[67, 563.29], [63, 563.29], [63, 585.45], [67, 585.45]]"
640,vasc,69.0,574.3684058081036,47.5522,"[[71, 563.29], [67, 563.29], [67, 585.45], [71, 585.45]]"
641,vasc,73.0,574.3684058081036,47.5522,"[[75, 563.29], [71, 563.29], [71, 585.45], [75, 585.45]]"
642,vasc,77.0,574.3684058081036,49.6773,"[[79, 563.29], [75, 563.29], [75, 585.45], [79, 585.45]]"
643,vasc,81.0,574.3684058081036,57.971,"[[83, 563.29], [79, 563.29], [79, 585.45], [83, 585.45]]"
644,peri,85.5,574.3684058081036,68.3196,"[[88, 563.29], [83, 563.29], [83, 585.45], [88, 585.45]]"
645,endo,91.5,574.3684058081036,83.8639,"[[95, 563.29], [88, 563.29], [88, 585.45], [95, 585.45]]"
646,cortex,100.5,574.3684058081036,102.996,"[[106, 563.29], [95, 563.29], [95, 585.45], [106, 585.45]]"
647,epidermis,111.0,574.3684058081036,143.834,"[[116, 563.29], [106, 563.29], [106, 585.45], [116, 585.45]]"
648,epidermis,31.0,596.6844270026418,178.943,"[[36, 585.45], [26, 585.45], [26, 607.92], [36, 607.92]]"
649,cortex,41.5,596.6844270026418,133.917,"[[47, 585.45], [36, 585.45], [36, 607.92], [47, 607.92]]"
650,endo,50.5,596.6844270026418,121.62,"[[54, 585.45], [47, 585.45], [47, 607.92], [54, 607.92]]"
651,peri,56.5,596.6844270026418,110.032,"[[59, 585.45], [54, 585.45], [54, 607.92], [59, 607.92]]"
652,vasc,61.0,596.6844270026418,99.0658,"[[63, 585.45], [59, 585.45], [59, 607.92], [63, 607.92]]"
653,vasc,65.0,596.6844270026418,88.8321,"[[67, 585.45], [63, 585.45], [63, 607.92], [67, 607.92]]"
654,vasc,69.0,596.6844270026418,84.4376,"[[71, 585.45], [67, 585.45], [67, 607.92], [71, 607.92]]"
655,vasc,73.0,596.6844270026418,84.4376,"[[75, 585.45], [71, 585.45], [71, 607.92], [75, 607.92]]"
656,vasc,77.0,596.6844270026418,88.8321,"[[79, 585.45], [75, 585.45], [75, 607.92], [79, 607.92]]"
657,vasc,81.0,596.6844270026418,99.0658,"[[83, 585.45], [79, 585.45], [79, 607.92], [83, 607.92]]"
658,peri,85.5,596.6844270026418,110.032,"[[88, 585.45], [83, 585.45], [83, 607.92], [88, 607.92]]"
659,endo,91.5,596.6844270026418,121.62,"[[95, 585.45], [88, 585.45], [88, 607.92], [95, 607.92]]"
660,cortex,100.5,596.6844270026418,133.917,"[[106, 585.45], [95, 585.45], [95, 607.92], [106, 607.92]]"
661,epidermis,111.0,596.6844270026418,178.943,"[[116, 585.45], [106, 585.45], [106, 607.92], [116, 607.92]]"
662,epidermis,31.0,619.9812777743956,191.384,"[[36, 607.92], [26, 607.92], [26, 632.04], [36, 632.04]]"
663,cortex,41.5,619.9812777743956,146.64,"[[47, 607.92], [36, 607.92], [36, 632.04], [47, 632.04]]"
664,endo,50.5,619.9812777743956,132.323,"[[54, 607.92], [47, 607.92], [47, 632.04], [54, 632.04]]"
665,peri,56.5,619.9812777743956,118.0,"[[59, 607.92], [54, 607.92], [54, 632.04], [59, 632.04]]"
666,vasc,61.0,619.9812777743956,104.404,"[[63, 607.92], [59, 607.92], [59, 632.04], [63, 632.04]]"
667,vasc,65.0,619.9812777743956,92.3894,"[[67, 607.92], [63, 607.92], [63, 632.04], [67, 632.04]]"
668,vasc,69.0,619.9812777743956,87.0723,"[[71, 607.92], [67, 607.92], [67, 632.04], [71, 632.04]]"
669,vasc,73.0,619.9812777743956,87.0723,"[[75, 607.92], [71, 607.92], [71, 632.04], [75, 632.04]]"
670,vasc,77.0,619.9812777743956,92.3894,"[[79, 607.92], [75, 607.92], [75, 632.04], [79, 632.04]]"
671,vasc,81.0,619.9812777743956,104.404,"[[83, 607.92], [79, 607.92], [79, 632.04], [83, 632.04]]"
672,peri,85.5,619.9812777743956,118.0,"[[88, 607.92], [83, 607.92], [83, 632.04], [88, 632.04]]"
673,endo,91.5,619.9812777743956,132.323,"[[95, 607.92], [88, 607.92], [88, 632.04], [95, 632.04]]"
674,cortex,100.5,619.9812777743956,146.64,"[[106, 607.92], [95, 607.92], [95, 632.04], [106, 632.04]]"
675,epidermis,111.0,619.9812777743956,191.384,"[[116, 607.92], [106, 607.92], [106, 632.04], [116, 632.04]]"
676,epidermis,31.0,645.4295526609436,204.443,"[[36, 632.04], [26, 632.04], [26, 658.82], [36, 658.82]]"
677,cortex,41.5,645.4295526609436,154.838,"[[47, 632.04], [36, 632.04], [36, 658.82], [47, 658.82]]"
678,endo,50.5,645.4295526609436,137.31,"[[54, 632.04], [47, 632.04], [47, 658.82], [54, 658.82]]"
679,peri,56.5,645.4295526609436,120.72,"[[59, 632.04], [54, 632.04], [54, 658.82], [59, 658.82]]"
680,vasc,61.0,645.4295526609436,105.396,"[[63, 632.04], [59, 632.04], [59, 658.82], [63, 658.82]]"
681,vasc,65.0,645.4295526609436,92.554,"[[67, 632.04], [63, 632.04], [63, 658.82], [67, 658.82]]"
682,vasc,69.0,645.4295526609436,86.8381,"[[71, 632.04], [67, 632.04], [67, 658.82], [71, 658.82]]"
683,vasc,73.0,645.4295526609436,86.8381,"[[75, 632.04], [71, 632.04], [71, 658.82], [75, 658.82]]"
684,vasc,77.0,645.4295526609436,92.554,"[[79, 632.04], [75, 632.04], [75, 658.82], [79, 658.82]]"
685,vasc,81.0,645.4295526609436,105.396,"[[83, 632.04], [79, 632.04], [79, 658.82], [83, 658.82]]"
686,peri,85.5,645.4295526609436,120.72,"[[88, 632.04], [83, 632.04], [83, 658.82], [88, 658.82]]"
687,endo,91.5,645.4295526609436,137.31,"[[95, 632.04], [88, 632.04], [88, 658.82], [95, 658.82]]"
688,cortex,100.5,645.4295526609436,154.838,"[[106, 632.04], [95, 632.04], [95, 658.82], [106, 658.82]]"
689,epidermis,111.0,645.4295526609436,204.443,"[[116, 632.04], [106, 632.04], [106, 658.82], [116, 658.82]]"
690,epidermis,31.0,673.8675591177744,208.788,"[[36, 658.82], [26, 658.82], [26, 688.91], [36, 688.91]]"
691,cortex,41.5,673.8675591177744,161.04,"[[47, 658.82], [36, 658.82], [36, 688.91], [47, 688.91]]"
692,endo,50.5,673.8675591177744,141.658,"[[54, 658.82], [47, 658.82], [47, 688.91], [54, 688.91]]"
693,peri,56.5,673.8675591177744,123.202,"[[59, 658.82], [54, 658.82], [54, 688.91], [59, 688.91]]"
694,vasc,61.0,673.8675591177744,106.373,"[[63, 658.82], [59, 658.82], [59, 688.91], [63, 688.91]]"
695,vasc,65.0,673.8675591177744,92.8646,"[[67, 658.82], [63, 658.82], [63, 688.91], [67, 688.91]]"
696,vasc,69.0,673.8675591177744,86.8248,"[[71, 658.82], [67, 658.82], [67, 688.91], [71, 688.91]]"
697,vasc,73.0,673.8675591177744,86.8248,"[[75, 658.82], [71, 658.82], [71, 688.91], [75, 688.91]]"
698,vasc,77.0,673.8675591177744,92.8646,"[[79, 658.82], [75, 658.82], [75, 688.91], [79, 688.91]]"
699,vasc,81.0,673.8675591177744,106.373,"[[83, 658.82], [79, 658.82], [79, 688.91], [83, 688.91]]"
700,peri,85.5,673.8675591177744,123.202,"[[88, 658.82], [83, 658.82], [83, 688.91], [88, 688.91]]"
701,endo,91.5,673.8675591177744,141.658,"[[95, 658.82], [88, 658.82], [88, 688.91], [95, 688.91]]"
702,cortex,100.5,673.8675591177744,161.04,"[[106, 658.82], [95, 658.82], [95, 688.91], [106, 688.91]]"
703,epidermis,111.0,673.8675591177744,208.788,"[[116, 658.82], [106, 658.82], [106, 688.91], [116, 688.91]]"
704,epidermis,31.0,705.7934084019785,218.02,"[[36, 688.91], [26, 688.91], [26, 722.67], [36, 722.67]]"
705,cortex,41.5,705.7934084019785,168.075,"[[47, 688.91], [36, 688.91], [36, 722.67], [47, 722.67]]"
706,endo,50.5,705.7934084019785,146.765,"[[54, 688.91], [47, 688.91], [47, 722.67], [54, 722.67]]"
707,peri,56.5,705.7934084019785,126.797,"[[59, 688.91], [54, 688.91], [54, 722.67], [59, 722.67]]"
708,vasc,61.0,705.7934084019785,108.548,"[[63, 688.91], [59, 688.91], [59, 722.67], [63, 722.67]]"
709,vasc,65.0,705.7934084019785,94.2027,"[[67, 688.91], [63, 688.91], [63, 722.67], [67, 722.67]]"
710,vasc,69.0,705.7934084019785,87.6868,"[[71, 688.91], [67, 688.91], [67, 722.67], [71, 722.67]]"
711,vasc,73.0,705.7934084019785,87.6868,"[[75, 688.91], [71, 688.91], [71, 722.67], [75, 722.67]]"
712,vasc,77.0,705.7934084019785,94.2027,"[[79, 688.91], [75, 688.91], [75, 722.67], [79, 722.67]]"
713,vasc,81.0,705.7934084019785,108.548,"[[83, 688.91], [79, 688.91], [79, 722.67], [83, 722.67]]"
714,peri,85.5,705.7934084019785,126.797,"[[88, 688.91], [83, 688.91], [83, 722.67], [88, 722.67]]"
715,endo,91.5,705.7934084019785,146.765,"[[95, 688.91], [88, 688.91], [88, 722.67], [95, 722.67]]"
716,cortex,100.5,705.7934084019785,168.075,"[[106, 688.91], [95, 688.91], [95, 722.67], [106, 722.67]]"
717,epidermis,111.0,705.7934084019785,218.02,"[[116, 688.91], [106, 688.91], [106, 722.67], [116, 722.67]]"
718,epidermis,31.0,741.3467801484979,211.502,"[[36, 722.67], [26, 722.67], [26, 760.02], [36, 760.02]]"
719,cortex,41.5,741.3467801484979,171.596,"[[47, 722.67], [36, 722.67], [36, 760.02], [47, 760.02]]"
720,endo,50.5,741.3467801484979,152.448,"[[54, 722.67], [47, 722.67], [47, 760.02], [54, 760.02]]"
721,peri,56.5,741.3467801484979,132.437,"[[59, 722.67], [54, 722.67], [54, 760.02], [59, 760.02]]"
722,vasc,61.0,741.3467801484979,113.241,"[[63, 722.67], [59, 722.67], [59, 760.02], [63, 760.02]]"
723,vasc,65.0,741.3467801484979,98.0124,"[[67, 722.67], [63, 722.67], [63, 760.02], [67, 760.02]]"
724,vasc,69.0,741.3467801484979,90.8831,"[[71, 722.67], [67, 722.67], [67, 760.02], [71, 760.02]]"
725,vasc,73.0,741.3467801484979,90.8831,"[[75, 722.67], [71, 722.67], [71, 760.02], [75, 760.02]]"
726,vasc,77.0,741.3467801484979,98.0124,"[[79, 722.67], [75, 722.67], [75, 760.02], [79, 760.02]]"
727,vasc,81.0,741.3467801484979,113.241,"[[83, 722.67], [79, 722.67], [79, 760.02], [83, 760.02]]"
728,peri,85.5,741.3467801484979,132.437,"[[88, 722.67], [83, 722.67], [83, 760.02], [88, 760.02]]"
729,endo,91.5,741.3467801484979,152.448,"[[95, 722.67], [88, 722.67], [88, 760.02], [95, 760.02]]"
730,cortex,100.5,741.3467801484979,171.596,"[[106, 722.67], [95, 722.67], [95, 760.02], [106, 760.02]]"
731,epidermis,111.0,741.3467801484979,211.502,"[[116, 722.67], [106, 722.67], [106, 760.02], [116, 760.02]]"
732,epidermis,31.0,781.799517610855,188.227,"[[36, 760.02], [26, 760.02], [26, 803.58], [36, 803.58]]"
733,cortex,41.5,781.799517610855,160.667,"[[47, 760.02], [36, 760.02], [36, 803.58], [47, 803.58]]"
734,endo,50.5,781.799517610855,146.726,"[[54, 760.02], [47, 760.02], [47, 803.58], [54, 803.58]]"
735,peri,56.5,781.799517610855,129.736,"[[59, 760.02], [54, 760.02], [54, 803.58], [59, 803.58]]"
736,vasc,61.0,781.799517610855,112.031,"[[63, 760.02], [59, 760.02], [59, 803.58], [63, 803.58]]"
737,vasc,65.0,781.799517610855,97.6879,"[[67, 760.02], [63, 760.02], [63, 803.58], [67, 803.58]]"
738,vasc,69.0,781.799517610855,90.8544,"[[71, 760.02], [67, 760.02], [67, 803.58], [71, 803.58]]"
739,vasc,73.0,781.799517610855,90.8544,"[[75, 760.02], [71, 760.02], [71, 803.58], [75, 803.58]]"
740,vasc,77.0,781.799517610855,97.6879,"[[79, 760.02], [75, 760.02], [75, 803.58], [79, 803.58]]"
741,vasc,81.0,781.799517610855,112.031,"[[83, 760.02], [79, 760.02], [79, 803.58], [83, 803.58]]"
742,peri,85.5,781.799517610855,129.736,"[[88, 760.02], [83, 760.02], [83, 803.58], [88, 803.58]]"
743,endo,91.5,781.799517610855,146.726,"[[95, 760.02], [88, 760.02], [88, 803.58], [95, 803.58]]"
744,cortex,100.5,781.799517610855,160.667,"[[106, 760.02], [95, 760.02], [95, 803.58], [106, 803.58]]"
745,epidermis,111.0,781.799517610855,188.227,"[[116, 760.02], [106, 760.02], [106, 803.58], [116, 803.58]]"
746,epidermis,31.0,832.791758705757,152.436,"[[36, 803.58], [26, 803.58], [26, 862.01], [36, 862.01]]"
747,cortex,41.5,832.791758705757,131.041,"[[47, 803.58], [36, 803.58], [36, 862.01], [47, 862.01]]"
748,endo,50.5,832.791758705757,118.809,"[[54, 803.58], [47, 803.58], [47, 862.01], [54, 862.01]]"
749,peri,56.5,832.791758705757,104.972,"[[59, 803.58], [54, 803.58], [54, 862.01], [59, 862.01]]"
750,vasc,61.0,832.791758705757,90.6355,"[[63, 803.58], [59, 803.58], [59, 862.01], [63, 862.01]]"
751,vasc,65.0,832.791758705757,80.315,"[[67, 803.58], [63, 803.58], [63, 862.01], [67, 862.01]]"
752,vasc,69.0,832.791758705757,75.9122,"[[71, 803.58], [67, 803.58], [67, 862.01], [71, 862.01]]"
753,vasc,73.0,832.791758705757,75.9122,"[[75, 803.58], [71, 803.58], [71, 862.01], [75, 862.01]]"
754,vasc,77.0,832.791758705757,80.315,"[[79, 803.58], [75, 803.58], [75, 862.01], [79, 862.01]]"
755,vasc,81.0,832.791758705757,90.6355,"[[83, 803.58], [79, 803.58], [79, 862.01], [83, 862.01]]"
756,peri,85.5,832.791758705757,104.972,"[[88, 803.58], [83, 803.58], [83, 862.01], [88, 862.01]]"
757,endo,91.5,832.791758705757,118.809,"[[95, 803.58], [88, 803.58], [88, 862.01], [95, 862.01]]"
758,cortex,100.5,832.791758705757,131.041,"[[106, 803.58], [95, 803.58], [95, 862.01], [106, 862.01]]"
759,epidermis,111.0,832.791758705757,152.436,"[[116, 803.58], [106, 803.58], [106, 862.01], [116, 862.01]]"
760,epidermis,31.0,891.2203682936652,151.495,"[[36, 862.01], [26, 862.01], [26, 920.43], [36, 920.43]]"
761,cortex,41.5,891.2203682936652,130.076,"[[47, 862.01], [36, 862.01], [36, 920.43], [47, 920.43]]"
762,endo,50.5,891.2203682936652,117.725,"[[54, 862.01], [47, 862.01], [47, 920.43], [54, 920.43]]"
763,peri,56.5,891.2203682936652,104.274,"[[59, 862.01], [54, 862.01], [54, 920.43], [59, 920.43]]"
764,vasc,61.0,891.2203682936652,90.5667,"[[63, 862.01], [59, 862.01], [59, 920.43], [63, 920.43]]"
765,vasc,65.0,891.2203682936652,81.3532,"[[67, 862.01], [63, 862.01], [63, 920.43], [67, 920.43]]"
766,vasc,69.0,891.2203682936652,77.59,"[[71, 862.01], [67, 862.01], [67, 920.43], [71, 920.43]]"
767,vasc,73.0,891.2203682936652,77.59,"[[75, 862.01], [71, 862.01], [71, 920.43], [75, 920.43]]"
768,vasc,77.0,891.2203682936652,81.3532,"[[79, 862.01], [75, 862.01], [75, 920.43], [79, 920.43]]"
769,vasc,81.0,891.2203682936652,90.5667,"[[83, 862.01], [79, 862.01], [79, 920.43], [83, 920.43]]"
770,peri,85.5,891.2203682936652,104.274,"[[88, 862.01], [83, 862.01], [83, 920.43], [88, 920.43]]"
771,endo,91.5,891.2203682936652,117.725,"[[95, 862.01], [88, 862.01], [88, 920.43], [95, 920.43]]"
772,cortex,100.5,891.2203682936652,130.076,"[[106, 862.01], [95, 862.01], [95, 920.43], [106, 920.43]]"
773,epidermis,111.0,891.2203682936652,151.495,"[[116, 862.01], [106, 862.01], [106, 920.43], [116, 920.43]]"
774,epidermis,31.0,949.648977881573,149.348,"[[36, 920.43], [26, 920.43], [26, 978.86], [36, 978.86]]"
775,cortex,41.5,949.648977881573,127.874,"[[47, 920.43], [36, 920.43], [36, 978.86], [47, 978.86]]"
776,endo,50.5,949.648977881573,115.592,"[[54, 920.43], [47, 920.43], [47, 978.86], [54, 978.86]]"
777,peri,56.5,949.648977881573,102.754,"[[59, 920.43], [54, 920.43], [54, 978.86], [59, 978.86]]"
778,vasc,61.0,949.648977881573,89.9205,"[[63, 920.43], [59, 920.43], [59, 978.86], [63, 978.86]]"
779,vasc,65.0,949.648977881573,81.4319,"[[67, 920.43], [63, 920.43], [63, 978.86], [67, 978.86]]"
780,vasc,69.0,949.648977881573,77.9958,"[[71, 920.43], [67, 920.43], [67, 978.86], [71, 978.86]]"
781,vasc,73.0,949.648977881573,77.9958,"[[75, 920.43], [71, 920.43], [71, 978.86], [75, 978.86]]"
782,vasc,77.0,949.648977881573,81.4319,"[[79, 920.43], [75, 920.43], [75, 978.86], [79, 978.86]]"
783,vasc,81.0,949.648977881573,89.9205,"[[83, 920.43], [79, 920.43], [79, 978.86], [83, 978.86]]"
784,peri,85.5,949.648977881573,102.754,"[[88, 920.43], [83, 920.43], [83, 978.86], [88, 978.86]]"
785,endo,91.5,949.648977881573,115.592,"[[95, 920.43], [88, 920.43], [88, 978.86], [95, 978.86]]"
786,cortex,100.5,949.648977881573,127.874,"[[106, 920.43], [95, 920.43], [95, 978.86], [106, 978.86]]"
787,epidermis,111.0,949.648977881573,149.348,"[[116, 920.43], [106, 920.43], [106, 978.86], [116, 978.86]]"
788,epidermis,31.0,1008.0775874694821,147.441,"[[36, 978.86], [26, 978.86], [26, 1037.29], [36, 1037.29]]"
789,cortex,41.5,1008.0775874694821,128.424,"[[47, 978.86], [36, 978.86], [36, 1037.29], [47, 1037.29]]"
790,endo,50.5,1008.0775874694821,117.061,"[[54, 978.86], [47, 978.86], [47, 1037.29], [54, 1037.29]]"
791,peri,56.5,1008.0775874694821,104.437,"[[59, 978.86], [54, 978.86], [54, 1037.29], [59, 1037.29]]"
792,vasc,61.0,1008.0775874694821,91.491,"[[63, 978.86], [59, 978.86], [59, 1037.29], [63, 1037.29]]"
793,vasc,65.0,1008.0775874694821,82.8186,"[[67, 978.86], [63, 978.86], [63, 1037.29], [67, 1037.29]]"
794,vasc,69.0,1008.0775874694821,79.2666,"[[71, 978.86], [67, 978.86], [67, 1037.29], [71, 1037.29]]"
795,vasc,73.0,1008.0775874694821,79.2666,"[[75, 978.86], [71, 978.86], [71, 1037.29], [75, 1037.29]]"
796,vasc,77.0,1008.0775874694821,82.8186,"[[79, 978.86], [75, 978.86], [75, 1037.29], [79, 1037.29]]"
797,vasc,81.0,1008.0775874694821,91.491,"[[83, 978.86], [79, 978.86], [79, 1037.29], [83, 1037.29]]"
798,peri,85.5,1008.0775874694821,104.437,"[[88, 978.86], [83, 978.86], [83, 1037.29], [88, 1037.29]]"
799,endo,91.5,1008.0775874694821,117.061,"[[95, 978.86], [88, 978.86], [88, 1037.29], [95, 1037.29]]"
800,cortex,100.5,1008.0775874694821,128.424,"[[106, 978.86], [95, 978.86], [95, 1037.29], [106, 1037.29]]"
801,epidermis,111.0,1008.0775874694821,147.441,"[[116, 978.86], [106, 978.86], [106, 1037.29], [116, 1037.29]]"
802,epidermis,31.0,1066.5061970573906,146.548,"[[36, 1037.29], [26, 1037.29], [26, 1095.72], [36, 1095.72]]"
803,cortex,41.5,1066.5061970573906,135.801,"[[47, 1037.29], [36, 1037.29], [36, 1095.72], [47, 1095.72]]"
804,endo,50.5,1066.5061970573906,130.046,"[[54, 1037.29], [47, 1037.29], [47, 1095.72], [54, 1095.72]]"
805,peri,56.5,1066.5061970573906,119.571,"[[59, 1037.29], [54, 1037.29], [54, 1095.72], [59, 1095.72]]"
806,vasc,61.0,1066.5061970573906,106.946,"[[63, 1037.29], [59, 1037.29], [59, 1095.72], [63, 1095.72]]"
807,vasc,65.0,1066.5061970573906,97.6215,"[[67, 1037.29], [63, 1037.29], [63, 1095.72], [67, 1095.72]]"
808,vasc,69.0,1066.5061970573906,93.4685,"[[71, 1037.29], [67, 1037.29], [67, 1095.72], [71, 1095.72]]"
809,vasc,73.0,1066.5061970573906,93.4685,"[[75, 1037.29], [71, 1037.29], [71, 1095.72], [75, 1095.72]]"
810,vasc,77.0,1066.5061970573906,97.6215,"[[79, 1037.29], [75, 1037.29], [75, 1095.72], [79, 1095.72]]"
811,vasc,81.0,1066.5061970573906,106.946,"[[83, 1037.29], [79, 1037.29], [79, 1095.72], [83, 1095.72]]"
812,peri,85.5,1066.5061970573906,119.571,"[[88, 1037.29], [83, 1037.29], [83, 1095.72], [88, 1095.72]]"
813,endo,91.5,1066.5061970573906,130.046,"[[95, 1037.29], [88, 1037.29], [88, 1095.72], [95, 1095.72]]"
814,cortex,100.5,1066.5061970573906,135.801,"[[106, 1037.29], [95, 1037.29], [95, 1095.72], [106, 1095.72]]"
815,epidermis,111.0,1066.5061970573906,146.548,"[[116, 1037.29], [106, 1037.29], [106, 1095.72], [116, 1095.72]]"
816,epidermis,31.0,1311.720501851345,33.2281,"[[36, 1095.72], [26, 1095.72], [26, 1527.72], [36, 1527.72]]"
817,cortex,41.5,1311.720501851345,43.7495,"[[47, 1095.72], [36, 1095.72], [36, 1527.72], [47, 1527.72]]"
818,endo,50.5,1311.720501851345,49.9483,"[[54, 1095.72], [47, 1095.72], [47, 1527.72], [54, 1527.72]]"
819,peri,56.5,1311.720501851345,57.2153,"[[59, 1095.72], [54, 1095.72], [54, 1527.72], [59, 1527.72]]"
820,vasc,61.0,1311.720501851345,57.4808,"[[63, 1095.72], [59, 1095.72], [59, 1527.72], [63, 1527.72]]"
821,vasc,65.0,1311.720501851345,58.4043,"[[67, 1095.72], [63, 1095.72], [63, 1527.72], [67, 1527.72]]"
822,vasc,69.0,1311.720501851345,58.6214,"[[71, 1095.72], [67, 1095.72], [67, 1527.72], [71, 1527.72]]"
823,vasc,73.0,1311.720501851345,58.6214,"[[75, 1095.72], [71, 1095.72], [71, 1527.72], [75, 1527.72]]"
824,vasc,77.0,1311.720501851345,58.4043,"[[79, 1095.72], [75, 1095.72], [75, 1527.72], [79, 1527.72]]"
825,vasc,81.0,1311.720501851345,57.4808,"[[83, 1095.72], [79, 1095.72], [79, 1527.72], [83, 1527.72]]"
826,peri,85.5,1311.720501851345,57.2153,"[[88, 1095.72], [83, 1095.72], [83, 1527.72], [88, 1527.72]]"
827,endo,91.5,1311.720501851345,49.9483,"[[95, 1095.72], [88, 1095.72], [88, 1527.72], [95, 1527.72]]"
828,cortex,100.5,1311.720501851345,43.7495,"[[106, 1095.72], [95, 1095.72], [95, 1527.72], [106, 1527.72]]"
829,epidermis,111.0,1311.720501851345,33.2281,"[[116, 1095.72], [106, 1095.72], [106, 1527.72], [116, 1527.72]]"
830,roottip,23.5,279.50000000000017,203.727,"[[26, 273.0], [21, 273.0], [21, 286.0], [26, 286.0]]"
831,roottip,118.5,279.50000000000017,203.727,"[[121, 273.0], [116, 273.0], [116, 286.0], [121, 286.0]]"
832,roottip,23.5,293.0000000000002,197.989,"[[26, 286.0], [21, 286.0], [21, 300.0], [26, 300.0]]"
833,roottip,118.5,293.0000000000002,197.989,"[[121, 286.0], [116, 286.0], [116, 300.0], [121, 300.0]]"
834,roottip,23.5,308.0000000000002,182.93,"[[26, 300.0], [21, 300.0], [21, 316.0], [26, 316.0]]"
835,roottip,118.5,308.0000000000002,182.93,"[[121, 300.0], [116, 300.0], [116, 316.0], [121, 316.0]]"
836,roottip,23.5,325.5000000000001,161.941,"[[26, 316.0], [21, 316.0], [21, 335.0], [26, 335.0]]"
837,roottip,118.5,325.5000000000001,161.941,"[[121, 316.0], [116, 316.0], [116, 335.0], [121, 335.0]]"
838,roottip,23.5,346.50000000000006,141.208,"[[26, 335.0], [21, 335.0], [21, 358.0], [26, 358.0]]"
839,roottip,118.5,346.50000000000006,141.208,"[[121, 335.0], [116, 335.0], [116, 358.0], [121, 358.0]]"
840,roottip,23.5,372.0,128.988,"[[26, 358.0], [21, 358.0], [21, 386.0], [26, 386.0]]"
841,roottip,118.5,372.0,128.988,"[[121, 358.0], [116, 358.0], [116, 386.0], [121, 386.0]]"
842,roottip,23.5,403.0,127.972,"[[26, 386.0], [21, 386.0], [21, 420.0], [26, 420.0]]"
843,roottip,118.5,403.0,127.972,"[[121, 386.0], [116, 386.0], [116, 420.0], [121, 420.0]]"
844,roottip,23.5,440.5,102.864,"[[26, 420.0], [21, 420.0], [21, 461.0], [26, 461.0]]"
845,roottip,118.5,440.5,102.864,"[[121, 420.0], [116, 420.0], [116, 461.0], [121, 461.0]]"
846,roottip,23.5,488.5,67.823,"[[26, 461.0], [21, 461.0], [21, 516.0], [26, 516.0]]"
847,roottip,118.5,488.5,67.823,"[[121, 461.0], [116, 461.0], [116, 516.0], [121, 516.0]]"
848,roottip,23.5,543.5,82.935,"[[26, 516.0], [21, 516.0], [21, 571.0], [26, 571.0]]"
849,roottip,118.5,543.5,82.935,"[[121, 516.0], [116, 516.0], [116, 571.0], [121, 571.0]]"
850,roottip,23.5,598.5,135.608,"[[26, 571.0], [21, 571.0], [21, 626.0], [26, 626.0]]"
851,roottip,118.5,598.5,135.608,"[[121, 571.0], [116, 571.0], [116, 626.0], [121, 626.0]]"
852,roottip,23.5,653.5,173.139,"[[26, 626.0], [21, 626.0], [21, 681.0], [26, 681.0]]"
853,roottip,118.5,653.5,173.139,"[[121, 626.0], [116, 626.0], [116, 681.0], [121, 681.0]]"
854,roottip,23.5,708.4999999999999,207.568,"[[26, 681.0], [21, 681.0], [21, 736.0], [26, 736.0]]"
855,roottip,118.5,708.4999999999999,207.568,"[[121, 681.0], [116, 681.0], [116, 736.0], [121, 736.0]]"
856,roottip,23.5,874.9999999999998,30.0521,"[[26, 736.0], [21, 736.0], [21, 1014.0], [26, 1014.0]]"
857,roottip,118.5,874.9999999999998,30.0521,"[[121, 736.0], [116, 736.0], [116, 1014.0], [121, 1014.0]]"
858,epidermis,31.0,82.8398302795324,347.958,"[[36, 79.56], [26, 79.56], [26, 86.12], [36, 86.12]]"
859,roottip,31.0,76.27994342651087,389.824,"[[36, 73.0], [26, 73.0], [26, 79.56], [36, 79.56]]"
860,cortex,41.5,82.8398302795324,277.8,"[[47, 79.56], [36, 79.56], [36, 86.12], [47, 86.12]]"
861,roottip,41.5,76.27994342651087,324.116,"[[47, 73.0], [36, 73.0], [36, 79.56], [47, 79.56]]"
862,endo,50.5,82.8398302795324,327.656,"[[54, 79.56], [47, 79.56], [47, 86.12], [54, 86.12]]"
863,roottip,50.5,76.27994342651087,397.766,"[[54, 73.0], [47, 73.0], [47, 79.56], [54, 79.56]]"
864,peri,56.5,82.8398302795324,373.769,"[[59, 79.56], [54, 79.56], [54, 86.12], [59, 86.12]]"
865,roottip,56.5,76.27994342651087,467.3,"[[59, 73.0], [54, 73.0], [54, 79.56], [59, 79.56]]"
866,vasc,61.0,82.8398302795324,412.514,"[[63, 79.56], [59, 79.56], [59, 86.12], [63, 86.12]]"
867,roottip,61.0,76.27994342651087,531.785,"[[63, 73.0], [59, 73.0], [59, 79.56], [63, 79.56]]"
868,vasc,65.0,82.8398302795324,425.012,"[[67, 79.56], [63, 79.56], [63, 86.12], [67, 86.12]]"
869,roottip,65.0,76.27994342651087,563.685,"[[67, 73.0], [63, 73.0], [63, 79.56], [67, 79.56]]"
870,vasc,69.0,82.8398302795324,443.963,"[[71, 79.56], [67, 79.56], [67, 86.12], [71, 86.12]]"
871,roottip,69.0,76.27994342651087,639.038,"[[71, 73.0], [67, 73.0], [67, 79.56], [71, 79.56]]"
872,vasc,73.0,82.8398302795324,443.963,"[[75, 79.56], [71, 79.56], [71, 86.12], [75, 86.12]]"
873,roottip,73.0,76.27994342651087,639.038,"[[75, 73.0], [71, 73.0], [71, 79.56], [75, 79.56]]"
874,vasc,77.0,82.8398302795324,425.012,"[[79, 79.56], [75, 79.56], [75, 86.12], [79, 86.12]]"
875,roottip,77.0,76.27994342651087,563.685,"[[79, 73.0], [75, 73.0], [75, 79.56], [79, 79.56]]"
876,vasc,81.0,82.8398302795324,412.514,"[[83, 79.56], [79, 79.56], [79, 86.12], [83, 86.12]]"
877,roottip,81.0,76.27994342651087,531.785,"[[83, 73.0], [79, 73.0], [79, 79.56], [83, 79.56]]"
878,peri,85.5,82.8398302795324,373.769,"[[88, 79.56], [83, 79.56], [83, 86.12], [88, 86.12]]"
879,roottip,85.5,76.27994342651087,467.3,"[[88, 73.0], [83, 73.0], [83, 79.56], [88, 79.56]]"
880,endo,91.5,82.8398302795324,327.656,"[[95, 79.56], [88, 79.56], [88, 86.12], [95, 86.12]]"
881,roottip,91.5,76.27994342651087,397.766,"[[95, 73.0], [88, 73.0], [88, 79.56], [95, 79.56]]"
882,cortex,100.5,82.8398302795324,277.8,"[[106, 79.56], [95, 79.56], [95, 86.12], [106, 86.12]]"
883,roottip,100.5,76.27994342651087,324.116,"[[106, 73.0], [95, 73.0], [95, 79.56], [106, 79.56]]"
884,epidermis,111.0,82.8398302795324,347.958,"[[116, 79.56], [106, 79.56], [106, 86.12], [116, 86.12]]"
885,roottip,111.0,76.27994342651087,389.824,"[[116, 73.0], [106, 73.0], [106, 79.56], [116, 79.56]]"
886,epidermis,31.0,95.95960398557533,288.488,"[[36, 92.68], [26, 92.68], [26, 99.24], [36, 99.24]]"
887,epidermis,31.0,89.39971713255383,312.865,"[[36, 86.12], [26, 86.12], [26, 92.68], [36, 92.68]]"
888,cortex,41.5,95.95960398557533,214.517,"[[47, 92.68], [36, 92.68], [36, 99.24], [47, 99.24]]"
889,cortex,41.5,89.39971713255383,241.455,"[[47, 86.12], [36, 86.12], [36, 92.68], [47, 92.68]]"
890,endo,50.5,95.95960398557533,237.08,"[[54, 92.68], [47, 92.68], [47, 99.24], [54, 99.24]]"
891,endo,50.5,89.39971713255383,274.767,"[[54, 86.12], [47, 86.12], [47, 92.68], [54, 92.68]]"
892,peri,56.5,95.95960398557533,257.132,"[[59, 92.68], [54, 92.68], [54, 99.24], [59, 99.24]]"
893,peri,56.5,89.39971713255383,305.234,"[[59, 86.12], [54, 86.12], [54, 92.68], [59, 92.68]]"
894,vasc,61.0,95.95960398557533,270.353,"[[63, 92.68], [59, 92.68], [59, 99.24], [63, 99.24]]"
895,vasc,61.0,89.39971713255383,328.054,"[[63, 86.12], [59, 86.12], [59, 92.68], [63, 92.68]]"
896,vasc,65.0,95.95960398557533,265.353,"[[67, 92.68], [63, 92.68], [63, 99.24], [67, 99.24]]"
897,vasc,65.0,89.39971713255383,328.665,"[[67, 86.12], [63, 86.12], [63, 92.68], [67, 92.68]]"
898,vasc,69.0,95.95960398557533,264.132,"[[71, 92.68], [67, 92.68], [67, 99.24], [71, 99.24]]"
899,vasc,69.0,89.39971713255383,332.414,"[[71, 86.12], [67, 86.12], [67, 92.68], [71, 92.68]]"
900,vasc,73.0,95.95960398557533,264.132,"[[75, 92.68], [71, 92.68], [71, 99.24], [75, 99.24]]"
901,vasc,73.0,89.39971713255383,332.414,"[[75, 86.12], [71, 86.12], [71, 92.68], [75, 92.68]]"
902,vasc,77.0,95.95960398557533,265.353,"[[79, 92.68], [75, 92.68], [75, 99.24], [79, 99.24]]"
903,vasc,77.0,89.39971713255383,328.665,"[[79, 86.12], [75, 86.12], [75, 92.68], [79, 92.68]]"
904,vasc,81.0,95.95960398557533,270.353,"[[83, 92.68], [79, 92.68], [79, 99.24], [83, 99.24]]"
905,vasc,81.0,89.39971713255383,328.054,"[[83, 86.12], [79, 86.12], [79, 92.68], [83, 92.68]]"
906,peri,85.5,95.95960398557533,257.132,"[[88, 92.68], [83, 92.68], [83, 99.24], [88, 99.24]]"
907,peri,85.5,89.39971713255383,305.234,"[[88, 86.12], [83, 86.12], [83, 92.68], [88, 92.68]]"
908,endo,91.5,95.95960398557533,237.08,"[[95, 92.68], [88, 92.68], [88, 99.24], [95, 99.24]]"
909,endo,91.5,89.39971713255383,274.767,"[[95, 86.12], [88, 86.12], [88, 92.68], [95, 92.68]]"
910,cortex,100.5,95.95960398557533,214.517,"[[106, 92.68], [95, 92.68], [95, 99.24], [106, 99.24]]"
911,cortex,100.5,89.39971713255383,241.455,"[[106, 86.12], [95, 86.12], [95, 92.68], [106, 92.68]]"
912,epidermis,111.0,95.95960398557533,288.488,"[[116, 92.68], [106, 92.68], [106, 99.24], [116, 99.24]]"
913,epidermis,111.0,89.39971713255383,312.865,"[[116, 86.12], [106, 86.12], [106, 92.68], [116, 92.68]]"
914,epidermis,31.0,109.07937769161839,244.388,"[[36, 105.8], [26, 105.8], [26, 112.36], [36, 112.36]]"
915,epidermis,31.0,102.51949083859694,265.06,"[[36, 99.24], [26, 99.24], [26, 105.8], [36, 105.8]]"
916,cortex,41.5,109.07937769161839,176.441,"[[47, 105.8], [36, 105.8], [36, 112.36], [47, 112.36]]"
917,cortex,41.5,102.51949083859694,193.485,"[[47, 99.24], [36, 99.24], [36, 105.8], [47, 105.8]]"
918,endo,50.5,109.07937769161839,187.903,"[[54, 105.8], [47, 105.8], [47, 112.36], [54, 112.36]]"
919,endo,50.5,102.51949083859694,208.92,"[[54, 99.24], [47, 99.24], [47, 105.8], [54, 105.8]]"
920,peri,56.5,109.07937769161839,198.15,"[[59, 105.8], [54, 105.8], [54, 112.36], [59, 112.36]]"
921,peri,56.5,102.51949083859694,222.525,"[[59, 99.24], [54, 99.24], [54, 105.8], [59, 105.8]]"
922,vasc,61.0,109.07937769161839,203.526,"[[63, 105.8], [59, 105.8], [59, 112.36], [63, 112.36]]"
923,vasc,61.0,102.51949083859694,230.808,"[[63, 99.24], [59, 99.24], [59, 105.8], [63, 105.8]]"
924,vasc,65.0,109.07937769161839,195.12,"[[67, 105.8], [63, 105.8], [63, 112.36], [67, 112.36]]"
925,vasc,65.0,102.51949083859694,223.397,"[[67, 99.24], [63, 99.24], [63, 105.8], [67, 105.8]]"
926,vasc,69.0,109.07937769161839,191.326,"[[71, 105.8], [67, 105.8], [67, 112.36], [71, 112.36]]"
927,vasc,69.0,102.51949083859694,220.329,"[[71, 99.24], [67, 99.24], [67, 105.8], [71, 105.8]]"
928,vasc,73.0,109.07937769161839,191.326,"[[75, 105.8], [71, 105.8], [71, 112.36], [75, 112.36]]"
929,vasc,73.0,102.51949083859694,220.329,"[[75, 99.24], [71, 99.24], [71, 105.8], [75, 105.8]]"
930,vasc,77.0,109.07937769161839,195.12,"[[79, 105.8], [75, 105.8], [75, 112.36], [79, 112.36]]"
931,vasc,77.0,102.51949083859694,223.397,"[[79, 99.24], [75, 99.24], [75, 105.8], [79, 105.8]]"
932,vasc,81.0,109.07937769161839,203.526,"[[83, 105.8], [79, 105.8], [79, 112.36], [83, 112.36]]"
933,vasc,81.0,102.51949083859694,230.808,"[[83, 99.24], [79, 99.24], [79, 105.8], [83, 105.8]]"
934,peri,85.5,109.07937769161839,198.15,"[[88, 105.8], [83, 105.8], [83, 112.36], [88, 112.36]]"
935,peri,85.5,102.51949083859694,222.525,"[[88, 99.24], [83, 99.24], [83, 105.8], [88, 105.8]]"
936,endo,91.5,109.07937769161839,187.903,"[[95, 105.8], [88, 105.8], [88, 112.36], [95, 112.36]]"
937,endo,91.5,102.51949083859694,208.92,"[[95, 99.24], [88, 99.24], [88, 105.8], [95, 105.8]]"
938,cortex,100.5,109.07937769161839,176.441,"[[106, 105.8], [95, 105.8], [95, 112.36], [106, 112.36]]"
939,cortex,100.5,102.51949083859694,193.485,"[[106, 99.24], [95, 99.24], [95, 105.8], [106, 105.8]]"
940,epidermis,111.0,109.07937769161839,244.388,"[[116, 105.8], [106, 105.8], [106, 112.36], [116, 112.36]]"
941,epidermis,111.0,102.51949083859694,265.06,"[[116, 99.24], [106, 99.24], [106, 105.8], [116, 105.8]]"
942,epidermis,31.0,122.19915139766147,211.546,"[[36, 118.92], [26, 118.92], [26, 125.48], [36, 125.48]]"
943,epidermis,31.0,115.63926454463984,226.805,"[[36, 112.36], [26, 112.36], [26, 118.92], [36, 118.92]]"
944,cortex,41.5,122.19915139766147,150.143,"[[47, 118.92], [36, 118.92], [36, 125.48], [47, 125.48]]"
945,cortex,41.5,115.63926454463984,162.326,"[[47, 112.36], [36, 112.36], [36, 118.92], [47, 118.92]]"
946,endo,50.5,122.19915139766147,158.164,"[[54, 118.92], [47, 118.92], [47, 125.48], [54, 125.48]]"
947,endo,50.5,115.63926454463984,171.939,"[[54, 112.36], [47, 112.36], [47, 118.92], [54, 118.92]]"
948,peri,56.5,122.19915139766147,164.841,"[[59, 118.92], [54, 118.92], [54, 125.48], [59, 125.48]]"
949,peri,56.5,115.63926454463984,179.975,"[[59, 112.36], [54, 112.36], [54, 118.92], [59, 118.92]]"
950,vasc,61.0,122.19915139766147,167.703,"[[63, 118.92], [59, 118.92], [59, 125.48], [63, 125.48]]"
951,vasc,61.0,115.63926454463984,183.583,"[[63, 112.36], [59, 112.36], [59, 118.92], [63, 118.92]]"
952,vasc,65.0,122.19915139766147,158.933,"[[67, 118.92], [63, 118.92], [63, 125.48], [67, 125.48]]"
953,vasc,65.0,115.63926454463984,174.858,"[[67, 112.36], [63, 112.36], [63, 118.92], [67, 118.92]]"
954,vasc,69.0,122.19915139766147,154.787,"[[71, 118.92], [67, 118.92], [67, 125.48], [71, 125.48]]"
955,vasc,69.0,115.63926454463984,170.796,"[[71, 112.36], [67, 112.36], [67, 118.92], [71, 118.92]]"
956,vasc,73.0,122.19915139766147,154.787,"[[75, 118.92], [71, 118.92], [71, 125.48], [75, 125.48]]"
957,vasc,73.0,115.63926454463984,170.796,"[[75, 112.36], [71, 112.36], [71, 118.92], [75, 118.92]]"
958,vasc,77.0,122.19915139766147,158.933,"[[79, 118.92], [75, 118.92], [75, 125.48], [79, 125.48]]"
959,vasc,77.0,115.63926454463984,174.858,"[[79, 112.36], [75, 112.36], [75, 118.92], [79, 118.92]]"
960,vasc,81.0,122.19915139766147,167.703,"[[83, 118.92], [79, 118.92], [79, 125.48], [83, 125.48]]"
961,vasc,81.0,115.63926454463984,183.583,"[[83, 112.36], [79, 112.36], [79, 118.92], [83, 118.92]]"
962,peri,85.5,122.19915139766147,164.841,"[[88, 118.92], [83, 118.92], [83, 125.48], [88, 125.48]]"
963,peri,85.5,115.63926454463984,179.975,"[[88, 112.36], [83, 112.36], [83, 118.92], [88, 118.92]]"
964,endo,91.5,122.19915139766147,158.164,"[[95, 118.92], [88, 118.92], [88, 125.48], [95, 125.48]]"
965,endo,91.5,115.63926454463984,171.939,"[[95, 112.36], [88, 112.36], [88, 118.92], [95, 118.92]]"
966,cortex,100.5,122.19915139766147,150.143,"[[106, 118.92], [95, 118.92], [95, 125.48], [106, 125.48]]"
967,cortex,100.5,115.63926454463984,162.326,"[[106, 112.36], [95, 112.36], [95, 118.92], [106, 118.92]]"
968,epidermis,111.0,122.19915139766147,211.546,"[[116, 118.92], [106, 118.92], [106, 125.48], [116, 125.48]]"
969,epidermis,111.0,115.63926454463984,226.805,"[[116, 112.36], [106, 112.36], [106, 118.92], [116, 118.92]]"
970,epidermis,31.0,135.31892510370454,179.271,"[[36, 132.04], [26, 132.04], [26, 138.6], [36, 138.6]]"
971,epidermis,31.0,128.7590382506831,191.344,"[[36, 125.48], [26, 125.48], [26, 132.04], [36, 132.04]]"
972,cortex,41.5,135.31892510370454,128.212,"[[47, 132.04], [36, 132.04], [36, 138.6], [47, 138.6]]"
973,cortex,41.5,128.7590382506831,138.134,"[[47, 125.48], [36, 125.48], [36, 132.04], [47, 132.04]]"
974,endo,50.5,135.31892510370454,135.766,"[[54, 132.04], [47, 132.04], [47, 138.6], [54, 138.6]]"
975,endo,50.5,128.7590382506831,146.138,"[[54, 125.48], [47, 125.48], [47, 132.04], [54, 132.04]]"
976,peri,56.5,135.31892510370454,141.04,"[[59, 132.04], [54, 132.04], [54, 138.6], [59, 138.6]]"
977,peri,56.5,128.7590382506831,152.219,"[[59, 125.48], [54, 125.48], [54, 132.04], [59, 132.04]]"
978,vasc,61.0,135.31892510370454,142.624,"[[63, 132.04], [59, 132.04], [59, 138.6], [63, 138.6]]"
979,vasc,61.0,128.7590382506831,154.346,"[[63, 125.48], [59, 125.48], [59, 132.04], [63, 132.04]]"
980,vasc,65.0,135.31892510370454,133.877,"[[67, 132.04], [63, 132.04], [63, 138.6], [67, 138.6]]"
981,vasc,65.0,128.7590382506831,145.558,"[[67, 125.48], [63, 125.48], [63, 132.04], [67, 132.04]]"
982,vasc,69.0,135.31892510370454,129.677,"[[71, 132.04], [67, 132.04], [67, 138.6], [71, 138.6]]"
983,vasc,69.0,128.7590382506831,141.371,"[[71, 125.48], [67, 125.48], [67, 132.04], [71, 132.04]]"
984,vasc,73.0,135.31892510370454,129.677,"[[75, 132.04], [71, 132.04], [71, 138.6], [75, 138.6]]"
985,vasc,73.0,128.7590382506831,141.371,"[[75, 125.48], [71, 125.48], [71, 132.04], [75, 132.04]]"
986,vasc,77.0,135.31892510370454,133.877,"[[79, 132.04], [75, 132.04], [75, 138.6], [79, 138.6]]"
987,vasc,77.0,128.7590382506831,145.558,"[[79, 125.48], [75, 125.48], [75, 132.04], [79, 132.04]]"
988,vasc,81.0,135.31892510370454,142.624,"[[83, 132.04], [79, 132.04], [79, 138.6], [83, 138.6]]"
989,vasc,81.0,128.7590382506831,154.346,"[[83, 125.48], [79, 125.48], [79, 132.04], [83, 132.04]]"
990,peri,85.5,135.31892510370454,141.04,"[[88, 132.04], [83, 132.04], [83, 138.6], [88, 138.6]]"
991,peri,85.5,128.7590382506831,152.219,"[[88, 125.48], [83, 125.48], [83, 132.04], [88, 132.04]]"
992,endo,91.5,135.31892510370454,135.766,"[[95, 132.04], [88, 132.04], [88, 138.6], [95, 138.6]]"
993,endo,91.5,128.7590382506831,146.138,"[[95, 125.48], [88, 125.48], [88, 132.04], [95, 132.04]]"
994,cortex,100.5,135.31892510370454,128.212,"[[106, 132.04], [95, 132.04], [95, 138.6], [106, 138.6]]"
995,cortex,100.5,128.7590382506831,138.134,"[[106, 125.48], [95, 125.48], [95, 132.04], [106, 132.04]]"
996,epidermis,111.0,135.31892510370454,179.271,"[[116, 132.04], [106, 132.04], [106, 138.6], [116, 138.6]]"
997,epidermis,111.0,128.7590382506831,191.344,"[[116, 125.48], [106, 125.48], [106, 132.04], [116, 132.04]]"
998,epidermis,31.0,148.43869880974756,162.573,"[[36, 145.16], [26, 145.16], [26, 151.72], [36, 151.72]]"
999,epidermis,31.0,141.87881195672605,170.823,"[[36, 138.6], [26, 138.6], [26, 145.16], [36, 145.16]]"
1000,cortex,41.5,148.43869880974756,112.438,"[[47, 145.16], [36, 145.16], [36, 151.72], [47, 151.72]]"
1001,cortex,41.5,141.87881195672605,119.687,"[[47, 138.6], [36, 138.6], [36, 145.16], [47, 145.16]]"
1002,endo,50.5,148.43869880974756,118.275,"[[54, 145.16], [47, 145.16], [47, 151.72], [54, 151.72]]"
1003,endo,50.5,141.87881195672605,126.094,"[[54, 138.6], [47, 138.6], [47, 145.16], [54, 145.16]]"
1004,peri,56.5,148.43869880974756,122.653,"[[59, 145.16], [54, 145.16], [54, 151.72], [59, 151.72]]"
1005,peri,56.5,141.87881195672605,130.781,"[[59, 138.6], [54, 138.6], [54, 145.16], [59, 145.16]]"
1006,vasc,61.0,148.43869880974756,123.699,"[[63, 145.16], [59, 145.16], [59, 151.72], [63, 151.72]]"
1007,vasc,61.0,141.87881195672605,132.144,"[[63, 138.6], [59, 138.6], [59, 145.16], [63, 145.16]]"
1008,vasc,65.0,148.43869880974756,114.907,"[[67, 145.16], [63, 145.16], [63, 151.72], [67, 151.72]]"
1009,vasc,65.0,141.87881195672605,123.329,"[[67, 138.6], [63, 138.6], [63, 145.16], [67, 145.16]]"
1010,vasc,69.0,148.43869880974756,110.687,"[[71, 145.16], [67, 145.16], [67, 151.72], [71, 151.72]]"
1011,vasc,69.0,141.87881195672605,119.086,"[[71, 138.6], [67, 138.6], [67, 145.16], [71, 145.16]]"
1012,vasc,73.0,148.43869880974756,110.687,"[[75, 145.16], [71, 145.16], [71, 151.72], [75, 151.72]]"
1013,vasc,73.0,141.87881195672605,119.086,"[[75, 138.6], [71, 138.6], [71, 145.16], [75, 145.16]]"
1014,vasc,77.0,148.43869880974756,114.907,"[[79, 145.16], [75, 145.16], [75, 151.72], [79, 151.72]]"
1015,vasc,77.0,141.87881195672605,123.329,"[[79, 138.6], [75, 138.6], [75, 145.16], [79, 145.16]]"
1016,vasc,81.0,148.43869880974756,123.699,"[[83, 145.16], [79, 145.16], [79, 151.72], [83, 151.72]]"
1017,vasc,81.0,141.87881195672605,132.144,"[[83, 138.6], [79, 138.6], [79, 145.16], [83, 145.16]]"
1018,peri,85.5,148.43869880974756,122.653,"[[88, 145.16], [83, 145.16], [83, 151.72], [88, 151.72]]"
1019,peri,85.5,141.87881195672605,130.781,"[[88, 138.6], [83, 138.6], [83, 145.16], [88, 145.16]]"
1020,endo,91.5,148.43869880974756,118.275,"[[95, 145.16], [88, 145.16], [88, 151.72], [95, 151.72]]"
1021,endo,91.5,141.87881195672605,126.094,"[[95, 138.6], [88, 138.6], [88, 145.16], [95, 145.16]]"
1022,cortex,100.5,148.43869880974756,112.438,"[[106, 145.16], [95, 145.16], [95, 151.72], [106, 151.72]]"
1023,cortex,100.5,141.87881195672605,119.687,"[[106, 138.6], [95, 138.6], [95, 145.16], [106, 145.16]]"
1024,epidermis,111.0,148.43869880974756,162.573,"[[116, 145.16], [106, 145.16], [106, 151.72], [116, 151.72]]"
1025,epidermis,111.0,141.87881195672605,170.823,"[[116, 138.6], [106, 138.6], [106, 145.16], [116, 145.16]]"
1026,epidermis,31.0,161.55847251579053,139.606,"[[36, 158.28], [26, 158.28], [26, 164.84], [36, 164.84]]"
1027,epidermis,31.0,154.99858566276896,151.684,"[[36, 151.72], [26, 151.72], [26, 158.28], [36, 158.28]]"
1028,cortex,41.5,161.55847251579053,99.1391,"[[47, 158.28], [36, 158.28], [36, 164.84], [47, 164.84]]"
1029,cortex,41.5,154.99858566276896,105.597,"[[47, 151.72], [36, 151.72], [36, 158.28], [47, 158.28]]"
1030,endo,50.5,161.55847251579053,106.205,"[[54, 158.28], [47, 158.28], [47, 164.84], [54, 164.84]]"
1031,endo,50.5,154.99858566276896,111.455,"[[54, 151.72], [47, 151.72], [47, 158.28], [54, 158.28]]"
1032,peri,56.5,161.55847251579053,111.17,"[[59, 158.28], [54, 158.28], [54, 164.84], [59, 164.84]]"
1033,peri,56.5,154.99858566276896,115.863,"[[59, 151.72], [54, 151.72], [54, 158.28], [59, 158.28]]"
1034,vasc,61.0,161.55847251579053,112.56,"[[63, 158.28], [59, 158.28], [59, 164.84], [63, 164.84]]"
1035,vasc,61.0,154.99858566276896,116.98,"[[63, 151.72], [59, 151.72], [59, 158.28], [63, 158.28]]"
1036,vasc,65.0,161.55847251579053,104.132,"[[67, 158.28], [63, 158.28], [63, 164.84], [67, 164.84]]"
1037,vasc,65.0,154.99858566276896,108.298,"[[67, 151.72], [63, 151.72], [63, 158.28], [67, 158.28]]"
1038,vasc,69.0,161.55847251579053,100.144,"[[71, 158.28], [67, 158.28], [67, 164.84], [71, 164.84]]"
1039,vasc,69.0,154.99858566276896,104.147,"[[71, 151.72], [67, 151.72], [67, 158.28], [71, 158.28]]"
1040,vasc,73.0,161.55847251579053,100.144,"[[75, 158.28], [71, 158.28], [71, 164.84], [75, 164.84]]"
1041,vasc,73.0,154.99858566276896,104.147,"[[75, 151.72], [71, 151.72], [71, 158.28], [75, 158.28]]"
1042,vasc,77.0,161.55847251579053,104.132,"[[79, 158.28], [75, 158.28], [75, 164.84], [79, 164.84]]"
1043,vasc,77.0,154.99858566276896,108.298,"[[79, 151.72], [75, 151.72], [75, 158.28], [79, 158.28]]"
1044,vasc,81.0,161.55847251579053,112.56,"[[83, 158.28], [79, 158.28], [79, 164.84], [83, 164.84]]"
1045,vasc,81.0,154.99858566276896,116.98,"[[83, 151.72], [79, 151.72], [79, 158.28], [83, 158.28]]"
1046,peri,85.5,161.55847251579053,111.17,"[[88, 158.28], [83, 158.28], [83, 164.84], [88, 164.84]]"
1047,peri,85.5,154.99858566276896,115.863,"[[88, 151.72], [83, 151.72], [83, 158.28], [88, 158.28]]"
1048,endo,91.5,161.55847251579053,106.205,"[[95, 158.28], [88, 158.28], [88, 164.84], [95, 164.84]]"
1049,endo,91.5,154.99858566276896,111.455,"[[95, 151.72], [88, 151.72], [88, 158.28], [95, 158.28]]"
1050,cortex,100.5,161.55847251579053,99.1391,"[[106, 158.28], [95, 158.28], [95, 164.84], [106, 164.84]]"
1051,cortex,100.5,154.99858566276896,105.597,"[[106, 151.72], [95, 151.72], [95, 158.28], [106, 158.28]]"
1052,epidermis,111.0,161.55847251579053,139.606,"[[116, 158.28], [106, 158.28], [106, 164.84], [116, 164.84]]"
1053,epidermis,111.0,154.99858566276896,151.684,"[[116, 151.72], [106, 151.72], [106, 158.28], [116, 158.28]]"
1054,epidermis,31.0,174.67824622183363,125.125,"[[36, 171.4], [26, 171.4], [26, 177.96], [36, 177.96]]"
1055,epidermis,31.0,168.11835936881207,131.236,"[[36, 164.84], [26, 164.84], [26, 171.4], [36, 171.4]]"
1056,cortex,41.5,174.67824622183363,89.7599,"[[47, 171.4], [36, 171.4], [36, 177.96], [47, 177.96]]"
1057,cortex,41.5,168.11835936881207,93.8269,"[[47, 164.84], [36, 164.84], [36, 171.4], [47, 171.4]]"
1058,endo,50.5,174.67824622183363,99.3141,"[[54, 171.4], [47, 171.4], [47, 177.96], [54, 177.96]]"
1059,endo,50.5,168.11835936881207,102.168,"[[54, 164.84], [47, 164.84], [47, 171.4], [54, 171.4]]"
1060,peri,56.5,174.67824622183363,105.769,"[[59, 171.4], [54, 171.4], [54, 177.96], [59, 177.96]]"
1061,peri,56.5,168.11835936881207,107.881,"[[59, 164.84], [54, 164.84], [54, 171.4], [59, 171.4]]"
1062,vasc,61.0,174.67824622183363,108.015,"[[63, 171.4], [59, 171.4], [59, 177.96], [63, 177.96]]"
1063,vasc,61.0,168.11835936881207,109.693,"[[63, 164.84], [59, 164.84], [59, 171.4], [63, 171.4]]"
1064,vasc,65.0,174.67824622183363,100.169,"[[67, 171.4], [63, 171.4], [63, 177.96], [67, 177.96]]"
1065,vasc,65.0,168.11835936881207,101.552,"[[67, 164.84], [63, 164.84], [63, 171.4], [67, 171.4]]"
1066,vasc,69.0,174.67824622183363,96.4999,"[[71, 171.4], [67, 171.4], [67, 177.96], [71, 177.96]]"
1067,vasc,69.0,168.11835936881207,97.7334,"[[71, 164.84], [67, 164.84], [67, 171.4], [71, 171.4]]"
1068,vasc,73.0,174.67824622183363,96.4999,"[[75, 171.4], [71, 171.4], [71, 177.96], [75, 177.96]]"
1069,vasc,73.0,168.11835936881207,97.7334,"[[75, 164.84], [71, 164.84], [71, 171.4], [75, 171.4]]"
1070,vasc,77.0,174.67824622183363,100.169,"[[79, 171.4], [75, 171.4], [75, 177.96], [79, 177.96]]"
1071,vasc,77.0,168.11835936881207,101.552,"[[79, 164.84], [75, 164.84], [75, 171.4], [79, 171.4]]"
1072,vasc,81.0,174.67824622183363,108.015,"[[83, 171.4], [79, 171.4], [79, 177.96], [83, 177.96]]"
1073,vasc,81.0,168.11835936881207,109.693,"[[83, 164.84], [79, 164.84], [79, 171.4], [83, 171.4]]"
1074,peri,85.5,174.67824622183363,105.769,"[[88, 171.4], [83, 171.4], [83, 177.96], [88, 177.96]]"
1075,peri,85.5,168.11835936881207,107.881,"[[88, 164.84], [83, 164.84], [83, 171.4], [88, 171.4]]"
1076,endo,91.5,174.67824622183363,99.3141,"[[95, 171.4], [88, 171.4], [88, 177.96], [95, 177.96]]"
1077,endo,91.5,168.11835936881207,102.168,"[[95, 164.84], [88, 164.84], [88, 171.4], [95, 171.4]]"
1078,cortex,100.5,174.67824622183363,89.7599,"[[106, 171.4], [95, 171.4], [95, 177.96], [106, 177.96]]"
1079,cortex,100.5,168.11835936881207,93.8269,"[[106, 164.84], [95, 164.84], [95, 171.4], [106, 171.4]]"
1080,epidermis,111.0,174.67824622183363,125.125,"[[116, 171.4], [106, 171.4], [106, 177.96], [116, 177.96]]"
1081,epidermis,111.0,168.11835936881207,131.236,"[[116, 164.84], [106, 164.84], [106, 171.4], [116, 171.4]]"
1082,epidermis,31.0,187.79801992787662,116.906,"[[36, 184.52], [26, 184.52], [26, 191.08], [36, 191.08]]"
1083,epidermis,31.0,181.23813307485517,120.469,"[[36, 177.96], [26, 177.96], [26, 184.52], [36, 184.52]]"
1084,cortex,41.5,187.79801992787662,83.9137,"[[47, 184.52], [36, 184.52], [36, 191.08], [47, 191.08]]"
1085,cortex,41.5,181.23813307485517,86.4603,"[[47, 177.96], [36, 177.96], [36, 184.52], [47, 184.52]]"
1086,endo,50.5,187.79801992787662,95.5728,"[[54, 184.52], [47, 184.52], [47, 191.08], [54, 191.08]]"
1087,endo,50.5,181.23813307485517,97.1525,"[[54, 177.96], [47, 177.96], [47, 184.52], [54, 184.52]]"
1088,peri,56.5,187.79801992787662,103.365,"[[59, 184.52], [54, 184.52], [54, 191.08], [59, 191.08]]"
1089,peri,56.5,181.23813307485517,104.336,"[[59, 177.96], [54, 177.96], [54, 184.52], [59, 184.52]]"
1090,vasc,61.0,187.79801992787662,106.354,"[[63, 184.52], [59, 184.52], [59, 191.08], [63, 191.08]]"
1091,vasc,61.0,181.23813307485517,106.987,"[[63, 177.96], [59, 177.96], [59, 184.52], [63, 184.52]]"
1092,vasc,65.0,187.79801992787662,98.9639,"[[67, 184.52], [63, 184.52], [63, 191.08], [67, 191.08]]"
1093,vasc,65.0,181.23813307485517,99.3893,"[[67, 177.96], [63, 177.96], [63, 184.52], [67, 184.52]]"
1094,vasc,69.0,187.79801992787662,95.5117,"[[71, 184.52], [67, 184.52], [67, 191.08], [71, 191.08]]"
1095,vasc,69.0,181.23813307485517,95.8402,"[[71, 177.96], [67, 177.96], [67, 184.52], [71, 184.52]]"
1096,vasc,73.0,187.79801992787662,95.5117,"[[75, 184.52], [71, 184.52], [71, 191.08], [75, 191.08]]"
1097,vasc,73.0,181.23813307485517,95.8402,"[[75, 177.96], [71, 177.96], [71, 184.52], [75, 184.52]]"
1098,vasc,77.0,187.79801992787662,98.9639,"[[79, 184.52], [75, 184.52], [75, 191.08], [79, 191.08]]"
1099,vasc,77.0,181.23813307485517,99.3893,"[[79, 177.96], [75, 177.96], [75, 184.52], [79, 184.52]]"
1100,vasc,81.0,187.79801992787662,106.354,"[[83, 184.52], [79, 184.52], [79, 191.08], [83, 191.08]]"
1101,vasc,81.0,181.23813307485517,106.987,"[[83, 177.96], [79, 177.96], [79, 184.52], [83, 184.52]]"
1102,peri,85.5,187.79801992787662,103.365,"[[88, 184.52], [83, 184.52], [83, 191.08], [88, 191.08]]"
1103,peri,85.5,181.23813307485517,104.336,"[[88, 177.96], [83, 177.96], [83, 184.52], [88, 184.52]]"
1104,endo,91.5,187.79801992787662,95.5728,"[[95, 184.52], [88, 184.52], [88, 191.08], [95, 191.08]]"
1105,endo,91.5,181.23813307485517,97.1525,"[[95, 177.96], [88, 177.96], [88, 184.52], [95, 184.52]]"
1106,cortex,100.5,187.79801992787662,83.9137,"[[106, 184.52], [95, 184.52], [95, 191.08], [106, 191.08]]"
1107,cortex,100.5,181.23813307485517,86.4603,"[[106, 177.96], [95, 177.96], [95, 184.52], [106, 184.52]]"
1108,epidermis,111.0,187.79801992787662,116.906,"[[116, 184.52], [106, 184.52], [106, 191.08], [116, 191.08]]"
1109,epidermis,111.0,181.23813307485517,120.469,"[[116, 177.96], [106, 177.96], [106, 184.52], [116, 184.52]]"
1110,epidermis,31.0,200.91779363391976,111.906,"[[36, 197.64], [26, 197.64], [26, 204.2], [36, 204.2]]"
1111,epidermis,31.0,194.3579067808982,114.116,"[[36, 191.08], [26, 191.08], [26, 197.64], [36, 197.64]]"
1112,cortex,41.5,200.91779363391976,80.1359,"[[47, 197.64], [36, 197.64], [36, 204.2], [47, 204.2]]"
1113,cortex,41.5,194.3579067808982,81.827,"[[47, 191.08], [36, 191.08], [36, 197.64], [47, 197.64]]"
1114,endo,50.5,200.91779363391976,93.3531,"[[54, 197.64], [47, 197.64], [47, 204.2], [54, 204.2]]"
1115,endo,50.5,194.3579067808982,94.3474,"[[54, 191.08], [47, 191.08], [47, 197.64], [54, 197.64]]"
1116,peri,56.5,200.91779363391976,102.097,"[[59, 197.64], [54, 197.64], [54, 204.2], [59, 204.2]]"
1117,peri,56.5,194.3579067808982,102.656,"[[59, 191.08], [54, 191.08], [54, 197.64], [59, 197.64]]"
1118,vasc,61.0,200.91779363391976,105.617,"[[63, 197.64], [59, 197.64], [59, 204.2], [63, 204.2]]"
1119,vasc,61.0,194.3579067808982,105.931,"[[63, 191.08], [59, 191.08], [59, 197.64], [63, 197.64]]"
1120,vasc,65.0,200.91779363391976,98.5316,"[[67, 197.64], [63, 197.64], [63, 204.2], [67, 204.2]]"
1121,vasc,65.0,194.3579067808982,98.7052,"[[67, 191.08], [63, 191.08], [63, 197.64], [67, 197.64]]"
1122,vasc,69.0,200.91779363391976,95.2169,"[[71, 197.64], [67, 197.64], [67, 204.2], [71, 204.2]]"
1123,vasc,69.0,194.3579067808982,95.3291,"[[71, 191.08], [67, 191.08], [67, 197.64], [71, 197.64]]"
1124,vasc,73.0,200.91779363391976,95.2169,"[[75, 197.64], [71, 197.64], [71, 204.2], [75, 204.2]]"
1125,vasc,73.0,194.3579067808982,95.3291,"[[75, 191.08], [71, 191.08], [71, 197.64], [75, 197.64]]"
1126,vasc,77.0,200.91779363391976,98.5316,"[[79, 197.64], [75, 197.64], [75, 204.2], [79, 204.2]]"
1127,vasc,77.0,194.3579067808982,98.7052,"[[79, 191.08], [75, 191.08], [75, 197.64], [79, 197.64]]"
1128,vasc,81.0,200.91779363391976,105.617,"[[83, 197.64], [79, 197.64], [79, 204.2], [83, 204.2]]"
1129,vasc,81.0,194.3579067808982,105.931,"[[83, 191.08], [79, 191.08], [79, 197.64], [83, 197.64]]"
1130,peri,85.5,200.91779363391976,102.097,"[[88, 197.64], [83, 197.64], [83, 204.2], [88, 204.2]]"
1131,peri,85.5,194.3579067808982,102.656,"[[88, 191.08], [83, 191.08], [83, 197.64], [88, 197.64]]"
1132,endo,91.5,200.91779363391976,93.3531,"[[95, 197.64], [88, 197.64], [88, 204.2], [95, 204.2]]"
1133,endo,91.5,194.3579067808982,94.3474,"[[95, 191.08], [88, 191.08], [88, 197.64], [95, 197.64]]"
1134,cortex,100.5,200.91779363391976,80.1359,"[[106, 197.64], [95, 197.64], [95, 204.2], [106, 204.2]]"
1135,cortex,100.5,194.3579067808982,81.827,"[[106, 191.08], [95, 191.08], [95, 197.64], [106, 197.64]]"
1136,epidermis,111.0,200.91779363391976,111.906,"[[116, 197.64], [106, 197.64], [106, 204.2], [116, 204.2]]"
1137,epidermis,111.0,194.3579067808982,114.116,"[[116, 191.08], [106, 191.08], [106, 197.64], [116, 197.64]]"
1138,epidermis,31.0,214.03756733996266,108.599,"[[36, 210.76], [26, 210.76], [26, 217.32], [36, 217.32]]"
1139,epidermis,31.0,207.47768048694124,110.097,"[[36, 204.2], [26, 204.2], [26, 210.76], [36, 210.76]]"
1140,cortex,41.5,214.03756733996266,77.4855,"[[47, 210.76], [36, 210.76], [36, 217.32], [47, 217.32]]"
1141,cortex,41.5,207.47768048694124,78.6959,"[[47, 204.2], [36, 204.2], [36, 210.76], [47, 210.76]]"
1142,endo,50.5,214.03756733996266,91.8544,"[[54, 210.76], [47, 210.76], [47, 217.32], [54, 217.32]]"
1143,endo,50.5,207.47768048694124,92.5304,"[[54, 204.2], [47, 204.2], [47, 210.76], [54, 210.76]]"
1144,peri,56.5,214.03756733996266,101.269,"[[59, 210.76], [54, 210.76], [54, 217.32], [59, 217.32]]"
1145,peri,56.5,207.47768048694124,101.644,"[[59, 204.2], [54, 204.2], [54, 210.76], [59, 210.76]]"
1146,vasc,61.0,214.03756733996266,105.16,"[[63, 210.76], [59, 210.76], [59, 217.32], [63, 217.32]]"
1147,vasc,61.0,207.47768048694124,105.364,"[[63, 204.2], [59, 204.2], [59, 210.76], [63, 210.76]]"
1148,vasc,65.0,214.03756733996266,98.3004,"[[67, 210.76], [63, 210.76], [63, 217.32], [67, 217.32]]"
1149,vasc,65.0,207.47768048694124,98.4005,"[[67, 204.2], [63, 204.2], [63, 210.76], [67, 210.76]]"
1150,vasc,69.0,214.03756733996266,95.0784,"[[71, 210.76], [67, 210.76], [67, 217.32], [71, 217.32]]"
1151,vasc,69.0,207.47768048694124,95.1359,"[[71, 204.2], [67, 204.2], [67, 210.76], [71, 210.76]]"
1152,vasc,73.0,214.03756733996266,95.0784,"[[75, 210.76], [71, 210.76], [71, 217.32], [75, 217.32]]"
1153,vasc,73.0,207.47768048694124,95.1359,"[[75, 204.2], [71, 204.2], [71, 210.76], [75, 210.76]]"
1154,vasc,77.0,214.03756733996266,98.3004,"[[79, 210.76], [75, 210.76], [75, 217.32], [79, 217.32]]"
1155,vasc,77.0,207.47768048694124,98.4005,"[[79, 204.2], [75, 204.2], [75, 210.76], [79, 210.76]]"
1156,vasc,81.0,214.03756733996266,105.16,"[[83, 210.76], [79, 210.76], [79, 217.32], [83, 217.32]]"
1157,vasc,81.0,207.47768048694124,105.364,"[[83, 204.2], [79, 204.2], [79, 210.76], [83, 210.76]]"
1158,peri,85.5,214.03756733996266,101.269,"[[88, 210.76], [83, 210.76], [83, 217.32], [88, 217.32]]"
1159,peri,85.5,207.47768048694124,101.644,"[[88, 204.2], [83, 204.2], [83, 210.76], [88, 210.76]]"
1160,endo,91.5,214.03756733996266,91.8544,"[[95, 210.76], [88, 210.76], [88, 217.32], [95, 217.32]]"
1161,endo,91.5,207.47768048694124,92.5304,"[[95, 204.2], [88, 204.2], [88, 210.76], [95, 210.76]]"
1162,cortex,100.5,214.03756733996266,77.4855,"[[106, 210.76], [95, 210.76], [95, 217.32], [106, 217.32]]"
1163,cortex,100.5,207.47768048694124,78.6959,"[[106, 204.2], [95, 204.2], [95, 210.76], [106, 210.76]]"
1164,epidermis,111.0,214.03756733996266,108.599,"[[116, 210.76], [106, 210.76], [106, 217.32], [116, 217.32]]"
1165,epidermis,111.0,207.47768048694124,110.097,"[[116, 204.2], [106, 204.2], [106, 210.76], [116, 210.76]]"
1166,epidermis,31.0,227.15734104600566,106.352,"[[36, 223.88], [26, 223.88], [26, 230.44], [36, 230.44]]"
1167,epidermis,31.0,220.59745419298415,107.35,"[[36, 217.32], [26, 217.32], [26, 223.88], [36, 223.88]]"
1168,cortex,41.5,227.15734104600566,75.6025,"[[47, 223.88], [36, 223.88], [36, 230.44], [47, 230.44]]"
1169,cortex,41.5,220.59745419298415,76.439,"[[47, 217.32], [36, 217.32], [36, 223.88], [47, 223.88]]"
1170,endo,50.5,227.15734104600566,90.7994,"[[54, 223.88], [47, 223.88], [47, 230.44], [54, 230.44]]"
1171,endo,50.5,220.59745419298415,91.2645,"[[54, 217.32], [47, 217.32], [47, 223.88], [54, 223.88]]"
1172,peri,56.5,227.15734104600566,100.691,"[[59, 223.88], [54, 223.88], [54, 230.44], [59, 230.44]]"
1173,peri,56.5,220.59745419298415,100.949,"[[59, 217.32], [54, 217.32], [54, 223.88], [59, 223.88]]"
1174,vasc,61.0,227.15734104600566,104.852,"[[63, 223.88], [59, 223.88], [59, 230.44], [63, 230.44]]"
1175,vasc,61.0,220.59745419298415,104.99,"[[63, 217.32], [59, 217.32], [59, 223.88], [63, 223.88]]"
1176,vasc,65.0,227.15734104600566,98.1395,"[[67, 223.88], [63, 223.88], [63, 230.44], [67, 230.44]]"
1177,vasc,65.0,220.59745419298415,98.2107,"[[67, 217.32], [63, 217.32], [63, 223.88], [67, 223.88]]"
1178,vasc,69.0,227.15734104600566,94.9885,"[[71, 223.88], [67, 223.88], [67, 230.44], [71, 230.44]]"
1179,vasc,69.0,220.59745419298415,95.0277,"[[71, 217.32], [67, 217.32], [67, 223.88], [71, 223.88]]"
1180,vasc,73.0,227.15734104600566,94.9885,"[[75, 223.88], [71, 223.88], [71, 230.44], [75, 230.44]]"
1181,vasc,73.0,220.59745419298415,95.0277,"[[75, 217.32], [71, 217.32], [71, 223.88], [75, 223.88]]"
1182,vasc,77.0,227.15734104600566,98.1395,"[[79, 223.88], [75, 223.88], [75, 230.44], [79, 230.44]]"
1183,vasc,77.0,220.59745419298415,98.2107,"[[79, 217.32], [75, 217.32], [75, 223.88], [79, 223.88]]"
1184,vasc,81.0,227.15734104600566,104.852,"[[83, 223.88], [79, 223.88], [79, 230.44], [83, 230.44]]"
1185,vasc,81.0,220.59745419298415,104.99,"[[83, 217.32], [79, 217.32], [79, 223.88], [83, 223.88]]"
1186,peri,85.5,227.15734104600566,100.691,"[[88, 223.88], [83, 223.88], [83, 230.44], [88, 230.44]]"
1187,peri,85.5,220.59745419298415,100.949,"[[88, 217.32], [83, 217.32], [83, 223.88], [88, 223.88]]"
1188,endo,91.5,227.15734104600566,90.7994,"[[95, 223.88], [88, 223.88], [88, 230.44], [95, 230.44]]"
1189,endo,91.5,220.59745419298415,91.2645,"[[95, 217.32], [88, 217.32], [88, 223.88], [95, 223.88]]"
1190,cortex,100.5,227.15734104600566,75.6025,"[[106, 223.88], [95, 223.88], [95, 230.44], [106, 230.44]]"
1191,cortex,100.5,220.59745419298415,76.439,"[[106, 217.32], [95, 217.32], [95, 223.88], [106, 223.88]]"
1192,epidermis,111.0,227.15734104600566,106.352,"[[116, 223.88], [106, 223.88], [106, 230.44], [116, 230.44]]"
1193,epidermis,111.0,220.59745419298415,107.35,"[[116, 217.32], [106, 217.32], [106, 223.88], [116, 223.88]]"
1194,epidermis,31.0,240.27711475204873,104.934,"[[36, 237.0], [26, 237.0], [26, 243.56], [36, 243.56]]"
1195,epidermis,31.0,233.71722789902716,105.52,"[[36, 230.44], [26, 230.44], [26, 237.0], [36, 237.0]]"
1196,cortex,41.5,240.27711475204873,74.345,"[[47, 237.0], [36, 237.0], [36, 243.56], [47, 243.56]]"
1197,cortex,41.5,233.71722789902716,74.8808,"[[47, 230.44], [36, 230.44], [36, 237.0], [47, 237.0]]"
1198,endo,50.5,240.27711475204873,90.2029,"[[54, 237.0], [47, 237.0], [47, 243.56], [54, 243.56]]"
1199,endo,50.5,233.71722789902716,90.5194,"[[54, 230.44], [47, 230.44], [47, 237.0], [54, 237.0]]"
1200,peri,56.5,240.27711475204873,100.242,"[[59, 237.0], [54, 237.0], [54, 243.56], [59, 243.56]]"
1201,peri,56.5,233.71722789902716,100.487,"[[59, 230.44], [54, 230.44], [54, 237.0], [59, 237.0]]"
1202,vasc,61.0,240.27711475204873,104.639,"[[63, 237.0], [59, 237.0], [59, 243.56], [63, 243.56]]"
1203,vasc,61.0,233.71722789902716,104.741,"[[63, 230.44], [59, 230.44], [59, 237.0], [63, 237.0]]"
1204,vasc,65.0,240.27711475204873,98.0343,"[[67, 237.0], [63, 237.0], [63, 243.56], [67, 243.56]]"
1205,vasc,65.0,233.71722789902716,98.0895,"[[67, 230.44], [63, 230.44], [63, 237.0], [67, 237.0]]"
1206,vasc,69.0,240.27711475204873,94.9327,"[[71, 237.0], [67, 237.0], [67, 243.56], [71, 243.56]]"
1207,vasc,69.0,233.71722789902716,94.9703,"[[71, 230.44], [67, 230.44], [67, 237.0], [71, 237.0]]"
1208,vasc,73.0,240.27711475204873,94.9327,"[[75, 237.0], [71, 237.0], [71, 243.56], [75, 243.56]]"
1209,vasc,73.0,233.71722789902716,94.9703,"[[75, 230.44], [71, 230.44], [71, 237.0], [75, 237.0]]"
1210,vasc,77.0,240.27711475204873,98.0343,"[[79, 237.0], [75, 237.0], [75, 243.56], [79, 243.56]]"
1211,vasc,77.0,233.71722789902716,98.0895,"[[79, 230.44], [75, 230.44], [75, 237.0], [79, 237.0]]"
1212,vasc,81.0,240.27711475204873,104.639,"[[83, 237.0], [79, 237.0], [79, 243.56], [83, 243.56]]"
1213,vasc,81.0,233.71722789902716,104.741,"[[83, 230.44], [79, 230.44], [79, 237.0], [83, 237.0]]"
1214,peri,85.5,240.27711475204873,100.242,"[[88, 237.0], [83, 237.0], [83, 243.56], [88, 243.56]]"
1215,peri,85.5,233.71722789902716,100.487,"[[88, 230.44], [83, 230.44], [83, 237.0], [88, 237.0]]"
1216,endo,91.5,240.27711475204873,90.2029,"[[95, 237.0], [88, 237.0], [88, 243.56], [95, 243.56]]"
1217,endo,91.5,233.71722789902716,90.5194,"[[95, 230.44], [88, 230.44], [88, 237.0], [95, 237.0]]"
1218,cortex,100.5,240.27711475204873,74.345,"[[106, 237.0], [95, 237.0], [95, 243.56], [106, 243.56]]"
1219,cortex,100.5,233.71722789902716,74.8808,"[[106, 230.44], [95, 230.44], [95, 237.0], [106, 237.0]]"
1220,epidermis,111.0,240.27711475204873,104.934,"[[116, 237.0], [106, 237.0], [106, 243.56], [116, 243.56]]"
1221,epidermis,111.0,233.71722789902716,105.52,"[[116, 230.44], [106, 230.44], [106, 237.0], [116, 237.0]]"
1222,epidermis,31.0,253.39688845809178,103.552,"[[36, 250.12], [26, 250.12], [26, 256.68], [36, 256.68]]"
1223,epidermis,31.0,246.8370016050703,104.072,"[[36, 243.56], [26, 243.56], [26, 250.12], [36, 250.12]]"
1224,cortex,41.5,253.39688845809178,73.263,"[[47, 250.12], [36, 250.12], [36, 256.68], [47, 256.68]]"
1225,cortex,41.5,246.8370016050703,73.7073,"[[47, 243.56], [36, 243.56], [36, 250.12], [47, 250.12]]"
1226,endo,50.5,253.39688845809178,89.6535,"[[54, 250.12], [47, 250.12], [47, 256.68], [54, 256.68]]"
1227,endo,50.5,246.8370016050703,89.9794,"[[54, 243.56], [47, 243.56], [47, 250.12], [54, 250.12]]"
1228,peri,56.5,253.39688845809178,99.8107,"[[59, 250.12], [54, 250.12], [54, 256.68], [59, 256.68]]"
1229,peri,56.5,246.8370016050703,100.064,"[[59, 243.56], [54, 243.56], [54, 250.12], [59, 250.12]]"
1230,vasc,61.0,253.39688845809178,104.427,"[[63, 250.12], [59, 250.12], [59, 256.68], [63, 256.68]]"
1231,vasc,61.0,246.8370016050703,104.534,"[[63, 243.56], [59, 243.56], [59, 250.12], [63, 250.12]]"
1232,vasc,65.0,253.39688845809178,97.922,"[[67, 250.12], [63, 250.12], [63, 256.68], [67, 256.68]]"
1233,vasc,65.0,246.8370016050703,97.9928,"[[67, 243.56], [63, 243.56], [63, 250.12], [67, 250.12]]"
1234,vasc,69.0,253.39688845809178,94.8665,"[[71, 250.12], [67, 250.12], [67, 256.68], [71, 256.68]]"
1235,vasc,69.0,246.8370016050703,94.9137,"[[71, 243.56], [67, 243.56], [67, 250.12], [71, 250.12]]"
1236,vasc,73.0,253.39688845809178,94.8665,"[[75, 250.12], [71, 250.12], [71, 256.68], [75, 256.68]]"
1237,vasc,73.0,246.8370016050703,94.9137,"[[75, 243.56], [71, 243.56], [71, 250.12], [75, 250.12]]"
1238,vasc,77.0,253.39688845809178,97.922,"[[79, 250.12], [75, 250.12], [75, 256.68], [79, 256.68]]"
1239,vasc,77.0,246.8370016050703,97.9928,"[[79, 243.56], [75, 243.56], [75, 250.12], [79, 250.12]]"
1240,vasc,81.0,253.39688845809178,104.427,"[[83, 250.12], [79, 250.12], [79, 256.68], [83, 256.68]]"
1241,vasc,81.0,246.8370016050703,104.534,"[[83, 243.56], [79, 243.56], [79, 250.12], [83, 250.12]]"
1242,peri,85.5,253.39688845809178,99.8107,"[[88, 250.12], [83, 250.12], [83, 256.68], [88, 256.68]]"
1243,peri,85.5,246.8370016050703,100.064,"[[88, 243.56], [83, 243.56], [83, 250.12], [88, 250.12]]"
1244,endo,91.5,253.39688845809178,89.6535,"[[95, 250.12], [88, 250.12], [88, 256.68], [95, 256.68]]"
1245,endo,91.5,246.8370016050703,89.9794,"[[95, 243.56], [88, 243.56], [88, 250.12], [95, 250.12]]"
1246,cortex,100.5,253.39688845809178,73.263,"[[106, 250.12], [95, 250.12], [95, 256.68], [106, 256.68]]"
1247,cortex,100.5,246.8370016050703,73.7073,"[[106, 243.56], [95, 243.56], [95, 250.12], [106, 250.12]]"
1248,epidermis,111.0,253.39688845809178,103.552,"[[116, 250.12], [106, 250.12], [106, 256.68], [116, 256.68]]"
1249,epidermis,111.0,246.8370016050703,104.072,"[[116, 243.56], [106, 243.56], [106, 250.12], [116, 250.12]]"
1250,epidermis,31.0,266.5166621641347,102.629,"[[36, 263.24], [26, 263.24], [26, 269.8], [36, 269.8]]"
1251,epidermis,31.0,259.95677531111323,102.696,"[[36, 256.68], [26, 256.68], [26, 263.24], [36, 263.24]]"
1252,cortex,41.5,266.5166621641347,72.2913,"[[47, 263.24], [36, 263.24], [36, 269.8], [47, 269.8]]"
1253,cortex,41.5,259.95677531111323,72.6611,"[[47, 256.68], [36, 256.68], [36, 263.24], [47, 263.24]]"
1254,endo,50.5,266.5166621641347,89.2672,"[[54, 263.24], [47, 263.24], [47, 269.8], [54, 269.8]]"
1255,endo,50.5,259.95677531111323,89.4079,"[[54, 256.68], [47, 256.68], [47, 263.24], [54, 263.24]]"
1256,peri,56.5,266.5166621641347,99.6052,"[[59, 263.24], [54, 263.24], [54, 269.8], [59, 269.8]]"
1257,peri,56.5,259.95677531111323,99.7187,"[[59, 256.68], [54, 256.68], [54, 263.24], [59, 263.24]]"
1258,vasc,61.0,266.5166621641347,104.277,"[[63, 263.24], [59, 263.24], [59, 269.8], [63, 269.8]]"
1259,vasc,61.0,259.95677531111323,104.351,"[[63, 256.68], [59, 256.68], [59, 263.24], [63, 263.24]]"
1260,vasc,65.0,266.5166621641347,97.8518,"[[67, 263.24], [63, 263.24], [63, 269.8], [67, 269.8]]"
1261,vasc,65.0,259.95677531111323,97.885,"[[67, 256.68], [63, 256.68], [63, 263.24], [67, 263.24]]"
1262,vasc,69.0,266.5166621641347,94.8305,"[[71, 263.24], [67, 263.24], [67, 269.8], [71, 269.8]]"
1263,vasc,69.0,259.95677531111323,94.8468,"[[71, 256.68], [67, 256.68], [67, 263.24], [71, 263.24]]"
1264,vasc,73.0,266.5166621641347,94.8305,"[[75, 263.24], [71, 263.24], [71, 269.8], [75, 269.8]]"
1265,vasc,73.0,259.95677531111323,94.8468,"[[75, 256.68], [71, 256.68], [71, 263.24], [75, 263.24]]"
1266,vasc,77.0,266.5166621641347,97.8518,"[[79, 263.24], [75, 263.24], [75, 269.8], [79, 269.8]]"
1267,vasc,77.0,259.95677531111323,97.885,"[[79, 256.68], [75, 256.68], [75, 263.24], [79, 263.24]]"
1268,vasc,81.0,266.5166621641347,104.277,"[[83, 263.24], [79, 263.24], [79, 269.8], [83, 269.8]]"
1269,vasc,81.0,259.95677531111323,104.351,"[[83, 256.68], [79, 256.68], [79, 263.24], [83, 263.24]]"
1270,peri,85.5,266.5166621641347,99.6052,"[[88, 263.24], [83, 263.24], [83, 269.8], [88, 269.8]]"
1271,peri,85.5,259.95677531111323,99.7187,"[[88, 256.68], [83, 256.68], [83, 263.24], [88, 263.24]]"
1272,endo,91.5,266.5166621641347,89.2672,"[[95, 263.24], [88, 263.24], [88, 269.8], [95, 269.8]]"
1273,endo,91.5,259.95677531111323,89.4079,"[[95, 256.68], [88, 256.68], [88, 263.24], [95, 263.24]]"
1274,cortex,100.5,266.5166621641347,72.2913,"[[106, 263.24], [95, 263.24], [95, 269.8], [106, 269.8]]"
1275,cortex,100.5,259.95677531111323,72.6611,"[[106, 256.68], [95, 256.68], [95, 263.24], [106, 263.24]]"
1276,epidermis,111.0,266.5166621641347,102.629,"[[116, 263.24], [106, 263.24], [106, 269.8], [116, 269.8]]"
1277,epidermis,111.0,259.95677531111323,102.696,"[[116, 256.68], [106, 256.68], [106, 263.24], [116, 263.24]]"
1278,epidermis,31.0,279.6364358701778,118.225,"[[36, 276.36], [26, 276.36], [26, 282.92], [36, 282.92]]"
1279,epidermis,31.0,273.07654901715625,106.088,"[[36, 269.8], [26, 269.8], [26, 276.36], [36, 276.36]]"
1280,cortex,41.5,279.6364358701778,72.5693,"[[47, 276.36], [36, 276.36], [36, 282.92], [47, 282.92]]"
1281,cortex,41.5,273.07654901715625,71.6397,"[[47, 269.8], [36, 269.8], [36, 276.36], [47, 276.36]]"
1282,endo,50.5,279.6364358701778,88.9149,"[[54, 276.36], [47, 276.36], [47, 282.92], [54, 282.92]]"
1283,endo,50.5,273.07654901715625,88.9414,"[[54, 269.8], [47, 269.8], [47, 276.36], [54, 276.36]]"
1284,peri,56.5,279.6364358701778,99.4812,"[[59, 276.36], [54, 276.36], [54, 282.92], [59, 282.92]]"
1285,peri,56.5,273.07654901715625,99.4409,"[[59, 269.8], [54, 269.8], [54, 276.36], [59, 276.36]]"
1286,vasc,61.0,279.6364358701778,104.128,"[[63, 276.36], [59, 276.36], [59, 282.92], [63, 282.92]]"
1287,vasc,61.0,273.07654901715625,104.178,"[[63, 269.8], [59, 269.8], [59, 276.36], [63, 276.36]]"
1288,vasc,65.0,279.6364358701778,97.7564,"[[67, 276.36], [63, 276.36], [63, 282.92], [67, 282.92]]"
1289,vasc,65.0,273.07654901715625,97.7695,"[[67, 269.8], [63, 269.8], [63, 276.36], [67, 276.36]]"
1290,vasc,69.0,279.6364358701778,94.7609,"[[71, 276.36], [67, 276.36], [67, 282.92], [71, 282.92]]"
1291,vasc,69.0,273.07654901715625,94.7624,"[[71, 269.8], [67, 269.8], [67, 276.36], [71, 276.36]]"
1292,vasc,73.0,279.6364358701778,94.7609,"[[75, 276.36], [71, 276.36], [71, 282.92], [75, 282.92]]"
1293,vasc,73.0,273.07654901715625,94.7624,"[[75, 269.8], [71, 269.8], [71, 276.36], [75, 276.36]]"
1294,vasc,77.0,279.6364358701778,97.7564,"[[79, 276.36], [75, 276.36], [75, 282.92], [79, 282.92]]"
1295,vasc,77.0,273.07654901715625,97.7695,"[[79, 269.8], [75, 269.8], [75, 276.36], [79, 276.36]]"
1296,vasc,81.0,279.6364358701778,104.128,"[[83, 276.36], [79, 276.36], [79, 282.92], [83, 282.92]]"
1297,vasc,81.0,273.07654901715625,104.178,"[[83, 269.8], [79, 269.8], [79, 276.36], [83, 276.36]]"
1298,peri,85.5,279.6364358701778,99.4812,"[[88, 276.36], [83, 276.36], [83, 282.92], [88, 282.92]]"
1299,peri,85.5,273.07654901715625,99.4409,"[[88, 269.8], [83, 269.8], [83, 276.36], [88, 276.36]]"
1300,endo,91.5,279.6364358701778,88.9149,"[[95, 276.36], [88, 276.36], [88, 282.92], [95, 282.92]]"
1301,endo,91.5,273.07654901715625,88.9414,"[[95, 269.8], [88, 269.8], [88, 276.36], [95, 276.36]]"
1302,cortex,100.5,279.6364358701778,72.5693,"[[106, 276.36], [95, 276.36], [95, 282.92], [106, 282.92]]"
1303,cortex,100.5,273.07654901715625,71.6397,"[[106, 269.8], [95, 269.8], [95, 276.36], [106, 276.36]]"
1304,epidermis,111.0,279.6364358701778,118.225,"[[116, 276.36], [106, 276.36], [106, 282.92], [116, 282.92]]"
1305,epidermis,111.0,273.07654901715625,106.088,"[[116, 269.8], [106, 269.8], [106, 276.36], [116, 276.36]]"
1306,epidermis,31.0,292.75620957622084,134.545,"[[36, 289.48], [26, 289.48], [26, 296.04], [36, 296.04]]"
1307,epidermis,31.0,286.19632272319933,127.323,"[[36, 282.92], [26, 282.92], [26, 289.48], [36, 289.48]]"
1308,cortex,41.5,292.75620957622084,77.0108,"[[47, 289.48], [36, 289.48], [36, 296.04], [47, 296.04]]"
1309,cortex,41.5,286.19632272319933,74.7484,"[[47, 282.92], [36, 282.92], [36, 289.48], [47, 289.48]]"
1310,endo,50.5,292.75620957622084,89.7173,"[[54, 289.48], [47, 289.48], [47, 296.04], [54, 296.04]]"
1311,endo,50.5,286.19632272319933,89.2059,"[[54, 282.92], [47, 282.92], [47, 289.48], [54, 289.48]]"
1312,peri,56.5,292.75620957622084,99.6444,"[[59, 289.48], [54, 289.48], [54, 296.04], [59, 296.04]]"
1313,peri,56.5,286.19632272319933,99.5296,"[[59, 282.92], [54, 282.92], [54, 289.48], [59, 289.48]]"
1314,vasc,61.0,292.75620957622084,104.121,"[[63, 289.48], [59, 289.48], [59, 296.04], [63, 296.04]]"
1315,vasc,61.0,286.19632272319933,104.113,"[[63, 282.92], [59, 282.92], [59, 289.48], [63, 289.48]]"
1316,vasc,65.0,292.75620957622084,97.7382,"[[67, 289.48], [63, 289.48], [63, 296.04], [67, 296.04]]"
1317,vasc,65.0,286.19632272319933,97.7482,"[[67, 282.92], [63, 282.92], [63, 289.48], [67, 289.48]]"
1318,vasc,69.0,292.75620957622084,94.7527,"[[71, 289.48], [67, 289.48], [67, 296.04], [71, 296.04]]"
1319,vasc,69.0,286.19632272319933,94.7586,"[[71, 282.92], [67, 282.92], [67, 289.48], [71, 289.48]]"
1320,vasc,73.0,292.75620957622084,94.7527,"[[75, 289.48], [71, 289.48], [71, 296.04], [75, 296.04]]"
1321,vasc,73.0,286.19632272319933,94.7586,"[[75, 282.92], [71, 282.92], [71, 289.48], [75, 289.48]]"
1322,vasc,77.0,292.75620957622084,97.7382,"[[79, 289.48], [75, 289.48], [75, 296.04], [79, 296.04]]"
1323,vasc,77.0,286.19632272319933,97.7482,"[[79, 282.92], [75, 282.92], [75, 289.48], [79, 289.48]]"
1324,vasc,81.0,292.75620957622084,104.121,"[[83, 289.48], [79, 289.48], [79, 296.04], [83, 296.04]]"
1325,vasc,81.0,286.19632272319933,104.113,"[[83, 282.92], [79, 282.92], [79, 289.48], [83, 289.48]]"
1326,peri,85.5,292.75620957622084,99.6444,"[[88, 289.48], [83, 289.48], [83, 296.04], [88, 296.04]]"
1327,peri,85.5,286.19632272319933,99.5296,"[[88, 282.92], [83, 282.92], [83, 289.48], [88, 289.48]]"
1328,endo,91.5,292.75620957622084,89.7173,"[[95, 289.48], [88, 289.48], [88, 296.04], [95, 296.04]]"
1329,endo,91.5,286.19632272319933,89.2059,"[[95, 282.92], [88, 282.92], [88, 289.48], [95, 289.48]]"
1330,cortex,100.5,292.75620957622084,77.0108,"[[106, 289.48], [95, 289.48], [95, 296.04], [106, 296.04]]"
1331,cortex,100.5,286.19632272319933,74.7484,"[[106, 282.92], [95, 282.92], [95, 289.48], [106, 289.48]]"
1332,epidermis,111.0,292.75620957622084,134.545,"[[116, 289.48], [106, 289.48], [106, 296.04], [116, 296.04]]"
1333,epidermis,111.0,286.19632272319933,127.323,"[[116, 282.92], [106, 282.92], [106, 289.48], [116, 289.48]]"
1334,epidermis,31.0,305.875983282264,144.688,"[[36, 302.6], [26, 302.6], [26, 309.16], [36, 309.16]]"
1335,epidermis,31.0,299.31609642924235,140.226,"[[36, 296.04], [26, 296.04], [26, 302.6], [36, 302.6]]"
1336,cortex,41.5,305.875983282264,81.5326,"[[47, 302.6], [36, 302.6], [36, 309.16], [47, 309.16]]"
1337,cortex,41.5,299.31609642924235,79.2897,"[[47, 296.04], [36, 296.04], [36, 302.6], [47, 302.6]]"
1338,endo,50.5,305.875983282264,91.1297,"[[54, 302.6], [47, 302.6], [47, 309.16], [54, 309.16]]"
1339,endo,50.5,299.31609642924235,90.3751,"[[54, 296.04], [47, 296.04], [47, 302.6], [54, 302.6]]"
1340,peri,56.5,305.875983282264,100.089,"[[59, 302.6], [54, 302.6], [54, 309.16], [59, 309.16]]"
1341,peri,56.5,299.31609642924235,99.8397,"[[59, 296.04], [54, 296.04], [54, 302.6], [59, 302.6]]"
1342,vasc,61.0,305.875983282264,104.236,"[[63, 302.6], [59, 302.6], [59, 309.16], [63, 309.16]]"
1343,vasc,61.0,299.31609642924235,104.163,"[[63, 296.04], [59, 296.04], [59, 302.6], [63, 302.6]]"
1344,vasc,65.0,305.875983282264,97.7638,"[[67, 302.6], [63, 302.6], [63, 309.16], [67, 309.16]]"
1345,vasc,65.0,299.31609642924235,97.7482,"[[67, 296.04], [63, 296.04], [63, 302.6], [67, 302.6]]"
1346,vasc,69.0,305.875983282264,94.7604,"[[71, 302.6], [67, 302.6], [67, 309.16], [71, 309.16]]"
1347,vasc,69.0,299.31609642924235,94.7515,"[[71, 296.04], [67, 296.04], [67, 302.6], [71, 302.6]]"
1348,vasc,73.0,305.875983282264,94.7604,"[[75, 302.6], [71, 302.6], [71, 309.16], [75, 309.16]]"
1349,vasc,73.0,299.31609642924235,94.7515,"[[75, 296.04], [71, 296.04], [71, 302.6], [75, 302.6]]"
1350,vasc,77.0,305.875983282264,97.7638,"[[79, 302.6], [75, 302.6], [75, 309.16], [79, 309.16]]"
1351,vasc,77.0,299.31609642924235,97.7482,"[[79, 296.04], [75, 296.04], [75, 302.6], [79, 302.6]]"
1352,vasc,81.0,305.875983282264,104.236,"[[83, 302.6], [79, 302.6], [79, 309.16], [83, 309.16]]"
1353,vasc,81.0,299.31609642924235,104.163,"[[83, 296.04], [79, 296.04], [79, 302.6], [83, 302.6]]"
1354,peri,85.5,305.875983282264,100.089,"[[88, 302.6], [83, 302.6], [83, 309.16], [88, 309.16]]"
1355,peri,85.5,299.31609642924235,99.8397,"[[88, 296.04], [83, 296.04], [83, 302.6], [88, 302.6]]"
1356,endo,91.5,305.875983282264,91.1297,"[[95, 302.6], [88, 302.6], [88, 309.16], [95, 309.16]]"
1357,endo,91.5,299.31609642924235,90.3751,"[[95, 296.04], [88, 296.04], [88, 302.6], [95, 302.6]]"
1358,cortex,100.5,305.875983282264,81.5326,"[[106, 302.6], [95, 302.6], [95, 309.16], [106, 309.16]]"
1359,cortex,100.5,299.31609642924235,79.2897,"[[106, 296.04], [95, 296.04], [95, 302.6], [106, 302.6]]"
1360,epidermis,111.0,305.875983282264,144.688,"[[116, 302.6], [106, 302.6], [106, 309.16], [116, 309.16]]"
1361,epidermis,111.0,299.31609642924235,140.226,"[[116, 296.04], [106, 296.04], [106, 302.6], [116, 302.6]]"
1362,epidermis,31.0,318.9957569883072,151.278,"[[36, 315.72], [26, 315.72], [26, 322.28], [36, 322.28]]"
1363,epidermis,31.0,312.43587013528565,148.423,"[[36, 309.16], [26, 309.16], [26, 315.72], [36, 315.72]]"
1364,cortex,41.5,318.9957569883072,85.7449,"[[47, 315.72], [36, 315.72], [36, 322.28], [47, 322.28]]"
1365,cortex,41.5,312.43587013528565,83.6797,"[[47, 309.16], [36, 309.16], [36, 315.72], [47, 315.72]]"
1366,endo,50.5,318.9957569883072,92.7679,"[[54, 315.72], [47, 315.72], [47, 322.28], [54, 322.28]]"
1367,endo,50.5,312.43587013528565,91.9342,"[[54, 309.16], [47, 309.16], [47, 315.72], [54, 315.72]]"
1368,peri,56.5,318.9957569883072,100.711,"[[59, 315.72], [54, 315.72], [54, 322.28], [59, 322.28]]"
1369,peri,56.5,312.43587013528565,100.383,"[[59, 309.16], [54, 309.16], [54, 315.72], [59, 315.72]]"
1370,vasc,61.0,318.9957569883072,104.447,"[[63, 315.72], [59, 315.72], [59, 322.28], [63, 322.28]]"
1371,vasc,61.0,312.43587013528565,104.33,"[[63, 309.16], [59, 309.16], [59, 315.72], [63, 315.72]]"
1372,vasc,65.0,318.9957569883072,97.8259,"[[67, 315.72], [63, 315.72], [63, 322.28], [67, 322.28]]"
1373,vasc,65.0,312.43587013528565,97.7915,"[[67, 309.16], [63, 309.16], [63, 315.72], [67, 315.72]]"
1374,vasc,69.0,318.9957569883072,94.775,"[[71, 315.72], [67, 315.72], [67, 322.28], [71, 322.28]]"
1375,vasc,69.0,312.43587013528565,94.7628,"[[71, 309.16], [67, 309.16], [67, 315.72], [71, 315.72]]"
1376,vasc,73.0,318.9957569883072,94.775,"[[75, 315.72], [71, 315.72], [71, 322.28], [75, 322.28]]"
1377,vasc,73.0,312.43587013528565,94.7628,"[[75, 309.16], [71, 309.16], [71, 315.72], [75, 315.72]]"
1378,vasc,77.0,318.9957569883072,97.8259,"[[79, 315.72], [75, 315.72], [75, 322.28], [79, 322.28]]"
1379,vasc,77.0,312.43587013528565,97.7915,"[[79, 309.16], [75, 309.16], [75, 315.72], [79, 315.72]]"
1380,vasc,81.0,318.9957569883072,104.447,"[[83, 315.72], [79, 315.72], [79, 322.28], [83, 322.28]]"
1381,vasc,81.0,312.43587013528565,104.33,"[[83, 309.16], [79, 309.16], [79, 315.72], [83, 315.72]]"
1382,peri,85.5,318.9957569883072,100.711,"[[88, 315.72], [83, 315.72], [83, 322.28], [88, 322.28]]"
1383,peri,85.5,312.43587013528565,100.383,"[[88, 309.16], [83, 309.16], [83, 315.72], [88, 315.72]]"
1384,endo,91.5,318.9957569883072,92.7679,"[[95, 315.72], [88, 315.72], [88, 322.28], [95, 322.28]]"
1385,endo,91.5,312.43587013528565,91.9342,"[[95, 309.16], [88, 309.16], [88, 315.72], [95, 315.72]]"
1386,cortex,100.5,318.9957569883072,85.7449,"[[106, 315.72], [95, 315.72], [95, 322.28], [106, 322.28]]"
1387,cortex,100.5,312.43587013528565,83.6797,"[[106, 309.16], [95, 309.16], [95, 315.72], [106, 315.72]]"
1388,epidermis,111.0,318.9957569883072,151.278,"[[116, 315.72], [106, 315.72], [106, 322.28], [116, 322.28]]"
1389,epidermis,111.0,312.43587013528565,148.423,"[[116, 309.16], [106, 309.16], [106, 315.72], [116, 315.72]]"
1390,epidermis,31.0,332.1155306943499,155.783,"[[36, 328.84], [26, 328.84], [26, 335.4], [36, 335.4]]"
1391,epidermis,31.0,325.5556438413287,153.598,"[[36, 322.28], [26, 322.28], [26, 328.84], [36, 328.84]]"
1392,cortex,41.5,332.1155306943499,89.556,"[[47, 328.84], [36, 328.84], [36, 335.4], [47, 335.4]]"
1393,cortex,41.5,325.5556438413287,87.6751,"[[47, 322.28], [36, 322.28], [36, 328.84], [47, 328.84]]"
1394,endo,50.5,332.1155306943499,94.481,"[[54, 328.84], [47, 328.84], [47, 335.4], [54, 335.4]]"
1395,endo,50.5,325.5556438413287,93.6116,"[[54, 322.28], [47, 322.28], [47, 328.84], [54, 328.84]]"
1396,peri,56.5,332.1155306943499,101.443,"[[59, 328.84], [54, 328.84], [54, 335.4], [59, 335.4]]"
1397,peri,56.5,325.5556438413287,101.061,"[[59, 322.28], [54, 322.28], [54, 328.84], [59, 328.84]]"
1398,vasc,61.0,332.1155306943499,104.731,"[[63, 328.84], [59, 328.84], [59, 335.4], [63, 335.4]]"
1399,vasc,61.0,325.5556438413287,104.575,"[[63, 322.28], [59, 322.28], [59, 328.84], [63, 328.84]]"
1400,vasc,65.0,332.1155306943499,97.9255,"[[67, 328.84], [63, 328.84], [63, 335.4], [67, 335.4]]"
1401,vasc,65.0,325.5556438413287,97.8634,"[[67, 322.28], [63, 322.28], [63, 328.84], [67, 328.84]]"
1402,vasc,69.0,332.1155306943499,94.8135,"[[71, 328.84], [67, 328.84], [67, 335.4], [71, 335.4]]"
1403,vasc,69.0,325.5556438413287,94.7887,"[[71, 322.28], [67, 322.28], [67, 328.84], [71, 328.84]]"
1404,vasc,73.0,332.1155306943499,94.8135,"[[75, 328.84], [71, 328.84], [71, 335.4], [75, 335.4]]"
1405,vasc,73.0,325.5556438413287,94.7887,"[[75, 322.28], [71, 322.28], [71, 328.84], [75, 328.84]]"
1406,vasc,77.0,332.1155306943499,97.9255,"[[79, 328.84], [75, 328.84], [75, 335.4], [79, 335.4]]"
1407,vasc,77.0,325.5556438413287,97.8634,"[[79, 322.28], [75, 322.28], [75, 328.84], [79, 328.84]]"
1408,vasc,81.0,332.1155306943499,104.731,"[[83, 328.84], [79, 328.84], [79, 335.4], [83, 335.4]]"
1409,vasc,81.0,325.5556438413287,104.575,"[[83, 322.28], [79, 322.28], [79, 328.84], [83, 328.84]]"
1410,peri,85.5,332.1155306943499,101.443,"[[88, 328.84], [83, 328.84], [83, 335.4], [88, 335.4]]"
1411,peri,85.5,325.5556438413287,101.061,"[[88, 322.28], [83, 322.28], [83, 328.84], [88, 328.84]]"
1412,endo,91.5,332.1155306943499,94.481,"[[95, 328.84], [88, 328.84], [88, 335.4], [95, 335.4]]"
1413,endo,91.5,325.5556438413287,93.6116,"[[95, 322.28], [88, 322.28], [88, 328.84], [95, 328.84]]"
1414,cortex,100.5,332.1155306943499,89.556,"[[106, 328.84], [95, 328.84], [95, 335.4], [106, 335.4]]"
1415,cortex,100.5,325.5556438413287,87.6751,"[[106, 322.28], [95, 322.28], [95, 328.84], [106, 328.84]]"
1416,epidermis,111.0,332.1155306943499,155.783,"[[116, 328.84], [106, 328.84], [106, 335.4], [116, 335.4]]"
1417,epidermis,111.0,325.5556438413287,153.598,"[[116, 322.28], [106, 322.28], [106, 328.84], [116, 328.84]]"
1418,epidermis,31.0,345.2353044003927,159.407,"[[36, 341.96], [26, 341.96], [26, 348.52], [36, 348.52]]"
1419,epidermis,31.0,338.67541754737124,157.595,"[[36, 335.4], [26, 335.4], [26, 341.96], [36, 341.96]]"
1420,cortex,41.5,345.2353044003927,93.2995,"[[47, 341.96], [36, 341.96], [36, 348.52], [47, 348.52]]"
1421,cortex,41.5,338.67541754737124,91.4201,"[[47, 335.4], [36, 335.4], [36, 341.96], [47, 341.96]]"
1422,endo,50.5,345.2353044003927,96.3596,"[[54, 341.96], [47, 341.96], [47, 348.52], [54, 348.52]]"
1423,endo,50.5,338.67541754737124,95.3882,"[[54, 335.4], [47, 335.4], [47, 341.96], [54, 341.96]]"
1424,peri,56.5,345.2353044003927,102.33,"[[59, 341.96], [54, 341.96], [54, 348.52], [59, 348.52]]"
1425,peri,56.5,338.67541754737124,101.858,"[[59, 335.4], [54, 335.4], [54, 341.96], [59, 341.96]]"
1426,vasc,61.0,345.2353044003927,105.133,"[[63, 341.96], [59, 341.96], [59, 348.52], [63, 348.52]]"
1427,vasc,61.0,338.67541754737124,104.91,"[[63, 335.4], [59, 335.4], [59, 341.96], [63, 341.96]]"
1428,vasc,65.0,345.2353044003927,98.0955,"[[67, 341.96], [63, 341.96], [63, 348.52], [67, 348.52]]"
1429,vasc,65.0,338.67541754737124,97.993,"[[67, 335.4], [63, 335.4], [63, 341.96], [67, 341.96]]"
1430,vasc,69.0,345.2353044003927,94.9024,"[[71, 341.96], [67, 341.96], [67, 348.52], [71, 348.52]]"
1431,vasc,69.0,338.67541754737124,94.8449,"[[71, 335.4], [67, 335.4], [67, 341.96], [71, 341.96]]"
1432,vasc,73.0,345.2353044003927,94.9024,"[[75, 341.96], [71, 341.96], [71, 348.52], [75, 348.52]]"
1433,vasc,73.0,338.67541754737124,94.8449,"[[75, 335.4], [71, 335.4], [71, 341.96], [75, 341.96]]"
1434,vasc,77.0,345.2353044003927,98.0955,"[[79, 341.96], [75, 341.96], [75, 348.52], [79, 348.52]]"
1435,vasc,77.0,338.67541754737124,97.993,"[[79, 335.4], [75, 335.4], [75, 341.96], [79, 341.96]]"
1436,vasc,81.0,345.2353044003927,105.133,"[[83, 341.96], [79, 341.96], [79, 348.52], [83, 348.52]]"
1437,vasc,81.0,338.67541754737124,104.91,"[[83, 335.4], [79, 335.4], [79, 341.96], [83, 341.96]]"
1438,peri,85.5,345.2353044003927,102.33,"[[88, 341.96], [83, 341.96], [83, 348.52], [88, 348.52]]"
1439,peri,85.5,338.67541754737124,101.858,"[[88, 335.4], [83, 335.4], [83, 341.96], [88, 341.96]]"
1440,endo,91.5,345.2353044003927,96.3596,"[[95, 341.96], [88, 341.96], [88, 348.52], [95, 348.52]]"
1441,endo,91.5,338.67541754737124,95.3882,"[[95, 335.4], [88, 335.4], [88, 341.96], [95, 341.96]]"
1442,cortex,100.5,345.2353044003927,93.2995,"[[106, 341.96], [95, 341.96], [95, 348.52], [106, 348.52]]"
1443,cortex,100.5,338.67541754737124,91.4201,"[[106, 335.4], [95, 335.4], [95, 341.96], [106, 341.96]]"
1444,epidermis,111.0,345.2353044003927,159.407,"[[116, 341.96], [106, 341.96], [106, 348.52], [116, 348.52]]"
1445,epidermis,111.0,338.67541754737124,157.595,"[[116, 335.4], [106, 335.4], [106, 341.96], [116, 341.96]]"
1446,epidermis,31.0,358.3550781064361,164.164,"[[36, 355.08], [26, 355.08], [26, 361.64], [36, 361.64]]"
1447,epidermis,31.0,351.7951912534144,161.508,"[[36, 348.52], [26, 348.52], [26, 355.08], [36, 355.08]]"
1448,cortex,41.5,358.3550781064361,97.7161,"[[47, 355.08], [36, 355.08], [36, 361.64], [47, 361.64]]"
1449,cortex,41.5,351.7951912534144,95.3315,"[[47, 348.52], [36, 348.52], [36, 355.08], [47, 355.08]]"
1450,endo,50.5,358.3550781064361,98.9633,"[[54, 355.08], [47, 355.08], [47, 361.64], [54, 361.64]]"
1451,endo,50.5,351.7951912534144,97.4895,"[[54, 348.52], [47, 348.52], [47, 355.08], [54, 355.08]]"
1452,peri,56.5,358.3550781064361,103.86,"[[59, 355.08], [54, 355.08], [54, 361.64], [59, 361.64]]"
1453,peri,56.5,351.7951912534144,102.939,"[[59, 348.52], [54, 348.52], [54, 355.08], [59, 355.08]]"
1454,vasc,61.0,358.3550781064361,106.08,"[[63, 355.08], [59, 355.08], [59, 361.64], [63, 361.64]]"
1455,vasc,61.0,351.7951912534144,105.466,"[[63, 348.52], [59, 348.52], [59, 355.08], [63, 355.08]]"
1456,vasc,65.0,358.3550781064361,98.7213,"[[67, 355.08], [63, 355.08], [63, 361.64], [67, 361.64]]"
1457,vasc,65.0,351.7951912534144,98.2891,"[[67, 348.52], [63, 348.52], [63, 355.08], [67, 355.08]]"
1458,vasc,69.0,358.3550781064361,95.3944,"[[71, 355.08], [67, 355.08], [67, 361.64], [71, 361.64]]"
1459,vasc,69.0,351.7951912534144,95.0402,"[[71, 348.52], [67, 348.52], [67, 355.08], [71, 355.08]]"
1460,vasc,73.0,358.3550781064361,95.3944,"[[75, 355.08], [71, 355.08], [71, 361.64], [75, 361.64]]"
1461,vasc,73.0,351.7951912534144,95.0402,"[[75, 348.52], [71, 348.52], [71, 355.08], [75, 355.08]]"
1462,vasc,77.0,358.3550781064361,98.7213,"[[79, 355.08], [75, 355.08], [75, 361.64], [79, 361.64]]"
1463,vasc,77.0,351.7951912534144,98.2891,"[[79, 348.52], [75, 348.52], [75, 355.08], [79, 355.08]]"
1464,vasc,81.0,358.3550781064361,106.08,"[[83, 355.08], [79, 355.08], [79, 361.64], [83, 361.64]]"
1465,vasc,81.0,351.7951912534144,105.466,"[[83, 348.52], [79, 348.52], [79, 355.08], [83, 355.08]]"
1466,peri,85.5,358.3550781064361,103.86,"[[88, 355.08], [83, 355.08], [83, 361.64], [88, 361.64]]"
1467,peri,85.5,351.7951912534144,102.939,"[[88, 348.52], [83, 348.52], [83, 355.08], [88, 355.08]]"
1468,endo,91.5,358.3550781064361,98.9633,"[[95, 355.08], [88, 355.08], [88, 361.64], [95, 361.64]]"
1469,endo,91.5,351.7951912534144,97.4895,"[[95, 348.52], [88, 348.52], [88, 355.08], [95, 355.08]]"
1470,cortex,100.5,358.3550781064361,97.7161,"[[106, 355.08], [95, 355.08], [95, 361.64], [106, 361.64]]"
1471,cortex,100.5,351.7951912534144,95.3315,"[[106, 348.52], [95, 348.52], [95, 355.08], [106, 355.08]]"
1472,epidermis,111.0,358.3550781064361,164.164,"[[116, 355.08], [106, 355.08], [106, 361.64], [116, 361.64]]"
1473,epidermis,111.0,351.7951912534144,161.508,"[[116, 348.52], [106, 348.52], [106, 355.08], [116, 355.08]]"
1474,epidermis,31.0,371.4748518124792,173.44,"[[36, 368.19], [26, 368.19], [26, 374.75], [36, 374.75]]"
1475,epidermis,31.0,364.9149649594576,168.153,"[[36, 361.64], [26, 361.64], [26, 368.19], [36, 368.19]]"
1476,cortex,41.5,371.4748518124792,105.504,"[[47, 368.19], [36, 368.19], [36, 374.75], [47, 374.75]]"
1477,cortex,41.5,364.9149649594576,100.878,"[[47, 361.64], [36, 361.64], [36, 368.19], [47, 368.19]]"
1478,endo,50.5,371.4748518124792,105.052,"[[54, 368.19], [47, 368.19], [47, 374.75], [54, 374.75]]"
1479,endo,50.5,364.9149649594576,101.218,"[[54, 361.64], [47, 361.64], [47, 368.19], [54, 368.19]]"
1480,peri,56.5,371.4748518124792,108.731,"[[59, 368.19], [54, 368.19], [54, 374.75], [59, 374.75]]"
1481,peri,56.5,364.9149649594576,105.51,"[[59, 361.64], [54, 361.64], [54, 368.19], [59, 368.19]]"
1482,vasc,61.0,371.4748518124792,110.155,"[[63, 368.19], [59, 368.19], [59, 374.75], [63, 374.75]]"
1483,vasc,61.0,364.9149649594576,107.363,"[[63, 361.64], [59, 361.64], [59, 368.19], [63, 368.19]]"
1484,vasc,65.0,371.4748518124792,102.202,"[[67, 368.19], [63, 368.19], [63, 374.75], [67, 374.75]]"
1485,vasc,65.0,364.9149649594576,99.7519,"[[67, 361.64], [63, 361.64], [63, 368.19], [67, 368.19]]"
1486,vasc,69.0,371.4748518124792,98.6041,"[[71, 368.19], [67, 368.19], [67, 374.75], [71, 374.75]]"
1487,vasc,69.0,364.9149649594576,96.3183,"[[71, 361.64], [67, 361.64], [67, 368.19], [71, 368.19]]"
1488,vasc,73.0,371.4748518124792,98.6041,"[[75, 368.19], [71, 368.19], [71, 374.75], [75, 374.75]]"
1489,vasc,73.0,364.9149649594576,96.3183,"[[75, 361.64], [71, 361.64], [71, 368.19], [75, 368.19]]"
1490,vasc,77.0,371.4748518124792,102.202,"[[79, 368.19], [75, 368.19], [75, 374.75], [79, 374.75]]"
1491,vasc,77.0,364.9149649594576,99.7519,"[[79, 361.64], [75, 361.64], [75, 368.19], [79, 368.19]]"
1492,vasc,81.0,371.4748518124792,110.155,"[[83, 368.19], [79, 368.19], [79, 374.75], [83, 374.75]]"
1493,vasc,81.0,364.9149649594576,107.363,"[[83, 361.64], [79, 361.64], [79, 368.19], [83, 368.19]]"
1494,peri,85.5,371.4748518124792,108.731,"[[88, 368.19], [83, 368.19], [83, 374.75], [88, 374.75]]"
1495,peri,85.5,364.9149649594576,105.51,"[[88, 361.64], [83, 361.64], [83, 368.19], [88, 368.19]]"
1496,endo,91.5,371.4748518124792,105.052,"[[95, 368.19], [88, 368.19], [88, 374.75], [95, 374.75]]"
1497,endo,91.5,364.9149649594576,101.218,"[[95, 361.64], [88, 361.64], [88, 368.19], [95, 368.19]]"
1498,cortex,100.5,371.4748518124792,105.504,"[[106, 368.19], [95, 368.19], [95, 374.75], [106, 374.75]]"
1499,cortex,100.5,364.9149649594576,100.878,"[[106, 361.64], [95, 361.64], [95, 368.19], [106, 368.19]]"
1500,epidermis,111.0,371.4748518124792,173.44,"[[116, 368.19], [106, 368.19], [106, 374.75], [116, 374.75]]"
1501,epidermis,111.0,364.9149649594576,168.153,"[[116, 361.64], [106, 361.64], [106, 368.19], [116, 368.19]]"
1502,epidermis,31.0,384.5946255185221,191.814,"[[36, 381.31], [26, 381.31], [26, 387.87], [36, 387.87]]"
1503,epidermis,31.0,378.03473866550075,180.731,"[[36, 374.75], [26, 374.75], [26, 381.31], [36, 381.31]]"
1504,cortex,41.5,384.5946255185221,123.797,"[[47, 381.31], [36, 381.31], [36, 387.87], [47, 387.87]]"
1505,cortex,41.5,378.03473866550075,112.726,"[[47, 374.75], [36, 374.75], [36, 381.31], [47, 381.31]]"
1506,endo,50.5,384.5946255185221,123.286,"[[54, 381.31], [47, 381.31], [47, 387.87], [54, 387.87]]"
1507,endo,50.5,378.03473866550075,111.893,"[[54, 374.75], [47, 374.75], [47, 381.31], [54, 381.31]]"
1508,peri,56.5,384.5946255185221,125.923,"[[59, 381.31], [54, 381.31], [54, 387.87], [59, 387.87]]"
1509,peri,56.5,378.03473866550075,114.986,"[[59, 374.75], [54, 374.75], [54, 381.31], [59, 381.31]]"
1510,vasc,61.0,384.5946255185221,126.53,"[[63, 381.31], [59, 381.31], [59, 387.87], [63, 387.87]]"
1511,vasc,61.0,378.03473866550075,115.943,"[[63, 374.75], [59, 374.75], [59, 381.31], [63, 381.31]]"
1512,vasc,65.0,384.5946255185221,117.706,"[[67, 381.31], [63, 381.31], [63, 387.87], [67, 387.87]]"
1513,vasc,65.0,378.03473866550075,107.56,"[[67, 374.75], [63, 374.75], [63, 381.31], [67, 381.31]]"
1514,vasc,69.0,384.5946255185221,113.704,"[[71, 381.31], [67, 381.31], [67, 387.87], [71, 387.87]]"
1515,vasc,69.0,378.03473866550075,103.751,"[[71, 374.75], [67, 374.75], [67, 381.31], [71, 381.31]]"
1516,vasc,73.0,384.5946255185221,113.704,"[[75, 381.31], [71, 381.31], [71, 387.87], [75, 387.87]]"
1517,vasc,73.0,378.03473866550075,103.751,"[[75, 374.75], [71, 374.75], [71, 381.31], [75, 381.31]]"
1518,vasc,77.0,384.5946255185221,117.706,"[[79, 381.31], [75, 381.31], [75, 387.87], [79, 387.87]]"
1519,vasc,77.0,378.03473866550075,107.56,"[[79, 374.75], [75, 374.75], [75, 381.31], [79, 381.31]]"
1520,vasc,81.0,384.5946255185221,126.53,"[[83, 381.31], [79, 381.31], [79, 387.87], [83, 387.87]]"
1521,vasc,81.0,378.03473866550075,115.943,"[[83, 374.75], [79, 374.75], [79, 381.31], [83, 381.31]]"
1522,peri,85.5,384.5946255185221,125.923,"[[88, 381.31], [83, 381.31], [83, 387.87], [88, 387.87]]"
1523,peri,85.5,378.03473866550075,114.986,"[[88, 374.75], [83, 374.75], [83, 381.31], [88, 381.31]]"
1524,endo,91.5,384.5946255185221,123.286,"[[95, 381.31], [88, 381.31], [88, 387.87], [95, 387.87]]"
1525,endo,91.5,378.03473866550075,111.893,"[[95, 374.75], [88, 374.75], [88, 381.31], [95, 381.31]]"
1526,cortex,100.5,384.5946255185221,123.797,"[[106, 381.31], [95, 381.31], [95, 387.87], [106, 387.87]]"
1527,cortex,100.5,378.03473866550075,112.726,"[[106, 374.75], [95, 374.75], [95, 381.31], [106, 381.31]]"
1528,epidermis,111.0,384.5946255185221,191.814,"[[116, 381.31], [106, 381.31], [106, 387.87], [116, 387.87]]"
1529,epidermis,111.0,378.03473866550075,180.731,"[[116, 374.75], [106, 374.75], [106, 381.31], [116, 381.31]]"
